"Date","Plot","Site","Area","PCover","Avg.Height","Year","WholePlot","Date.num","Letter"
2014-06-01,"10A","West",2733.99,54.6798,25.4755555555556,2014,"10",0,"A"
2014-06-01,"10B","West",7.47,0.1494,60,2014,"10",0,"B"
2014-06-01,"1A","East",2469.4,49.388,27.7166666666667,2014,"1",0,"A"
2014-06-01,"1B","East",637.21,12.7442,50.1086666666667,2014,"1",0,"B"
2014-06-01,"2A","East",1886.8,37.736,41.5433333333333,2014,"2",0,"A"
2014-06-01,"2B","East",397.01,7.9402,53.0595555555556,2014,"2",0,"B"
2014-06-01,"3A","East",3974.04,79.4808,11.95,2014,"3",0,"A"
2014-06-01,"3B","East",2641.69,52.8338,33.9514444444444,2014,"3",0,"B"
2014-06-01,"4A","East",2918.26,58.3652,30.2222222222222,2014,"4",0,"A"
2014-06-01,"5A","East",2416.45,48.329,30.0444444444444,2014,"5",0,"A"
2014-06-01,"5B","East",852.96,17.0592,51.4617777777778,2014,"5",0,"B"
2014-06-01,"6A","West",2073.57,41.4714,37.9388888888889,2014,"6",0,"A"
2014-06-01,"6B","West",46.81,0.9362,60,2014,"6",0,"B"
2014-06-01,"7A","West",2582.34,51.6468,29.4266666666667,2014,"7",0,"A"
2014-06-01,"7B","West",48.85,0.977,60,2014,"7",0,"B"
2014-06-01,"8A","West",2787.61,55.7522,25.66,2014,"8",0,"A"
2014-06-01,"9A","West",2610.07,52.2014,32.2433333333333,2014,"9",0,"A"
2014-06-01,"9B","West",36.09,0.7218,60,2014,"9",0,"B"
2014-06-01,"10A","West",2744.31,54.8862,25.1533333333333,2014,"10",0,"A"
2014-06-01,"10B","West",36.38,0.7276,60,2014,"10",0,"B"
2014-06-01,"1A","East",2490.76,49.8152,23.7477777777778,2014,"1",0,"A"
2014-06-01,"1B","East",633.5,12.67,52.7222222222222,2014,"1",0,"B"
2014-06-01,"2A","East",1948.56,38.9712,42.9255555555556,2014,"2",0,"A"
2014-06-01,"2B","East",371.61,7.4322,53.3381111111111,2014,"2",0,"B"
2014-06-01,"3A","East",4219.77,84.3954,8.95444444444444,2014,"3",0,"A"
2014-06-01,"3B","East",2594.48,51.8896,0.595111111111111,2014,"3",0,"B"
2014-06-01,"4A","East",2749.54,54.9908,30.8211111111111,2014,"4",0,"A"
2014-06-01,"5A","East",2406.45,48.129,30.1388888888889,2014,"5",0,"A"
2014-06-01,"5B","East",640.58,12.8116,55.5688888888889,2014,"5",0,"B"
2014-06-01,"6A","West",2021.99,40.4398,37.8433333333333,2014,"6",0,"A"
2014-06-01,"6B","West",39.39,0.7878,60,2014,"6",0,"B"
2014-06-01,"7A","West",2446.66,48.9332,31.1566666666667,2014,"7",0,"A"
2014-06-01,"7B","West",50.99,1.0198,60,2014,"7",0,"B"
2014-06-01,"8A","West",2960.81,59.2162,25.7211111111111,2014,"8",0,"A"
2014-06-01,"9A","West",2310.41,46.2082,31.64,2014,"9",0,"A"
2014-06-01,"9B","West",30.09,0.6018,60,2014,"9",0,"B"
2014-07-01,"10A","West",2655.96,53.1192,24.5622222222222,2014,"10",30,"A"
2014-07-01,"10B","West",9.78,0.1956,60,2014,"10",30,"B"
2014-07-01,"1A","East",2490.16,49.8032,24.2755555555556,2014,"1",30,"A"
2014-07-01,"1B","East",597.23,11.9446,53.9942222222222,2014,"1",30,"B"
2014-07-01,"2A","East",1785.77,35.7154,42.7377777777778,2014,"2",30,"A"
2014-07-01,"2B","East",433.97,8.6794,50.4201111111111,2014,"2",30,"B"
2014-07-01,"3A","East",4098.65,81.973,10.9166666666667,2014,"3",30,"A"
2014-07-01,"3B","East",2586.69,51.7338,0,2014,"3",30,"B"
2014-07-01,"4A","East",2936.34,58.7268,28.7477777777778,2014,"4",30,"A"
2014-07-01,"5A","East",2260.81,45.2162,33.2355555555556,2014,"5",30,"A"
2014-07-01,"5B","East",624.11,12.4822,57.0426666666667,2014,"5",30,"B"
2014-07-01,"6A","West",1901.53,38.0306,37.77,2014,"6",30,"A"
2014-07-01,"6B","West",48.12,0.9624,60,2014,"6",30,"B"
2014-07-01,"7A","West",2458.6,49.172,29.0211111111111,2014,"7",30,"A"
2014-07-01,"7B","West",47.33,0.9466,60,2014,"7",30,"B"
2014-07-01,"8A","West",3026.5,60.53,24.6366666666667,2014,"8",30,"A"
2014-07-01,"9A","West",2511.66,50.2332,28.3033333333333,2014,"9",30,"A"
2014-07-01,"9B","West",14.02,0.2804,60,2014,"9",30,"B"
2014-08-01,"10A","West",2900.78,58.0156,23.8144444444444,2014,"10",61,"A"
2014-08-01,"10B","West",2.133,0.04266,60,2014,"10",61,"B"
2014-08-01,"1A","East",2496.11,49.9222,24.7533333333333,2014,"1",61,"A"
2014-08-01,"1B","East",644.97,12.8994,51.6902222222222,2014,"1",61,"B"
2014-08-01,"2A","East",1734.89,34.6978,46.2766666666667,2014,"2",61,"A"
2014-08-01,"2B","East",521.65,10.433,57.7583333333333,2014,"2",61,"B"
2014-08-01,"3A","East",4228.04,84.5608,12.5022222222222,2014,"3",61,"A"
2014-08-01,"3B","East",2660.53,53.2106,0,2014,"3",61,"B"
2014-08-01,"4A","East",2978.65,59.573,29.2088888888889,2014,"4",61,"A"
2014-08-01,"5A","East",2440.6,48.812,31.13,2014,"5",61,"A"
2014-08-01,"5B","East",611.66,12.2332,57.2156666666667,2014,"5",61,"B"
2014-08-01,"6A","West",2103.4,42.068,37.8511111111111,2014,"6",61,"A"
2014-08-01,"6B","West",42.89,0.8578,60,2014,"6",61,"B"
2014-08-01,"7A","West",2702.73,54.0546,30.2955555555556,2014,"7",61,"A"
2014-08-01,"7B","West",71.2,1.424,60,2014,"7",61,"B"
2014-08-01,"8A","West",3047.6,60.952,25.4577777777778,2014,"8",61,"A"
2014-08-01,"9A","West",2495.21,49.9042,29.3555555555556,2014,"9",61,"A"
2014-08-01,"9B","West",18.46,0.3692,60,2014,"9",61,"B"
2014-12-01,"10A","West",3279.875,65.5975,22.3788888888889,2014,"10",183,"A"
2014-12-01,"10B","West",16.766,0.33532,60,2014,"10",183,"B"
2014-12-01,"1A","East",2638.406,52.76812,21.4711111111111,2014,"1",183,"A"
2014-12-01,"1B","East",637.383,12.74766,51.8145555555556,2014,"1",183,"B"
2014-12-01,"2A","East",2123.001,42.46002,41.4277777777778,2014,"2",183,"A"
2014-12-01,"2B","East",626.934,12.53868,49.8242222222222,2014,"2",183,"B"
2014-12-01,"3A","East",4479.827,89.59654,13.7277777777778,2014,"3",183,"A"
2014-12-01,"3B","East",2728.04,54.5608,0,2014,"3",183,"B"
2014-12-01,"4A","East",3010.339,60.20678,27.6677777777778,2014,"4",183,"A"
2014-12-01,"5A","East",2561.177,51.22354,24.1033333333333,2014,"5",183,"A"
2014-12-01,"5B","East",950.919,19.01838,52.4305555555556,2014,"5",183,"B"
2014-12-01,"6A","West",2215.079,44.30158,35.9566666666667,2014,"6",183,"A"
2014-12-01,"6B","West",55.107,1.10214,60,2014,"6",183,"B"
2014-12-01,"7A","West",2752.893,55.05786,27.2233333333333,2014,"7",183,"A"
2014-12-01,"7B","West",167.105,3.3421,60,2014,"7",183,"B"
2014-12-01,"8A","West",3021.127,60.42254,24.5033333333333,2014,"8",183,"A"
2014-12-01,"9A","West",2634.173,52.68346,29.0088888888889,2014,"9",183,"A"
2014-12-01,"9B","West",69.029,1.38058,60,2014,"9",183,"B"
2015-03-01,"10A","West",3280.973,65.61946,19.7711111111111,2015,"10",273,"A"
2015-03-01,"10B","West",86.127,1.72254,60,2015,"10",273,"B"
2015-03-01,"1A","East",2604.219,52.08438,22.73,2015,"1",273,"A"
2015-03-01,"1B","East",603.333,12.06666,48.0934444444444,2015,"1",273,"B"
2015-03-01,"2A","East",2219.046,44.38092,29.4911111111111,2015,"2",273,"A"
2015-03-01,"2B","East",745.002,14.90004,48.0912222222222,2015,"2",273,"B"
2015-03-01,"3A","East",4317.027,86.34054,4.19444444444444,2015,"3",273,"A"
2015-03-01,"3B","East",3140.254,62.80508,0,2015,"3",273,"B"
2015-03-01,"4A","East",3214.063,64.28126,21.7733333333333,2015,"4",273,"A"
2015-03-01,"5A","East",2675.183,53.50366,23.1144444444444,2015,"5",273,"A"
2015-03-01,"5B","East",1135.149,22.70298,39.958,2015,"5",273,"B"
2015-03-01,"6A","West",2184.217,43.68434,35.8455555555556,2015,"6",273,"A"
2015-03-01,"6B","West",92.2,1.844,60,2015,"6",273,"B"
2015-03-01,"7A","West",2743.618,54.87236,27.3744444444444,2015,"7",273,"A"
2015-03-01,"7B","West",275.969,5.51938,60,2015,"7",273,"B"
2015-03-01,"8A","West",3065.272,61.30544,25.0755555555556,2015,"8",273,"A"
2015-03-01,"9A","West",2799.173,55.98346,27.0666666666667,2015,"9",273,"A"
2015-03-01,"9B","West",171.928,3.43856,60,2015,"9",273,"B"
2015-07-01,"10A","West",3351.346,67.02692,18.6022222222222,2015,"10",395,"A"
2015-07-01,"10B","West",33.531,0.67062,60,2015,"10",395,"B"
2015-07-01,"1A","East",2749.002,54.98004,20.9811111111111,2015,"1",395,"A"
2015-07-01,"1B","East",744.734,14.89468,47.5712222222222,2015,"1",395,"B"
2015-07-01,"2A","East",2410.712,48.21424,28.1655555555556,2015,"2",395,"A"
2015-07-01,"2B","East",853.842,17.07684,33.2947777777778,2015,"2",395,"B"
2015-07-01,"3A","East",3878.906,77.57812,18.9044444444444,2015,"3",395,"A"
2015-07-01,"3B","East",427.89,8.914375,4.29088888888889,2015,"3",395,"B"
2015-07-01,"4A","East",3292.362,65.84724,23.7722222222222,2015,"4",395,"A"
2015-07-01,"5A","East",2980.373,59.60746,12.1111111111111,2015,"5",395,"A"
2015-07-01,"5B","East",1996.678,39.93356,18.9576666666667,2015,"5",395,"B"
2015-07-01,"6A","West",2335.337,46.70674,34.0933333333333,2015,"6",395,"A"
2015-07-01,"6B","West",94.571,1.89142,60,2015,"6",395,"B"
2015-07-01,"7A","West",3086.67,61.7334,26.5222222222222,2015,"7",395,"A"
2015-07-01,"7B","West",283.635,5.6727,60,2015,"7",395,"B"
2015-07-01,"8A","West",3247.19,64.9438,23.7122222222222,2015,"8",395,"A"
2015-07-01,"9A","West",2873.217,57.46434,27.2466666666667,2015,"9",395,"A"
2015-07-01,"9B","West",90.682,1.81364,60,2015,"9",395,"B"
2015-12-01,"10A","West",3200,64,20.3655555555556,2015,"10",548,"A"
2015-12-01,"10B","West",50,1,60,2015,"10",548,"B"
2015-12-01,"1A","East",2800,56,14.4377777777778,2015,"1",548,"A"
2015-12-01,"1B","East",700,14,48.9567777777778,2015,"1",548,"B"
2015-12-01,"2A","East",2350,47,18.2077777777778,2015,"2",548,"A"
2015-12-01,"2B","East",700,14,42.702,2015,"2",548,"B"
2015-12-01,"3A","East",3400,68,14.3855555555556,2015,"3",548,"A"
2015-12-01,"3B","East",1850,37,0,2015,"3",548,"B"
2015-12-01,"4A","East",3450,69,20.1777777777778,2015,"4",548,"A"
2015-12-01,"5A","East",3400,68,0,2015,"5",548,"A"
2015-12-01,"5B","East",2150,43,20.5513333333333,2015,"5",548,"B"
2015-12-01,"6A","West",2550,51,32.7877777777778,2015,"6",548,"A"
2015-12-01,"6B","West",150,3,60,2015,"6",548,"B"
2015-12-01,"7A","West",3150,63,27.4133333333333,2015,"7",548,"A"
2015-12-01,"7B","West",350,7,58.5498888888889,2015,"7",548,"B"
2015-12-01,"8A","West",3400,68,17.8833333333333,2015,"8",548,"A"
2015-12-01,"9A","West",2750,55,28.1533333333333,2015,"9",548,"A"
2015-12-01,"9B","West",50,1,60,2015,"9",548,"B"
2016-03-01,"10A","West",2880,60,24.2411111111111,2016,"10",639,"A"
2016-03-01,"10B","West",144,3,60,2016,"10",639,"B"
2016-03-01,"1A","East",2736,57,14.8566666666667,2016,"1",639,"A"
2016-03-01,"1B","East",768,16,48.2447777777778,2016,"1",639,"B"
2016-03-01,"2A","East",2448,51,15.9511111111111,2016,"2",639,"A"
2016-03-01,"2B","East",960,20,24.2713333333333,2016,"2",639,"B"
2016-03-01,"3A","East",3072,64,2.85888888888889,2016,"3",639,"A"
2016-03-01,"3B","East",1392,29,0,2016,"3",639,"B"
2016-03-01,"4A","East",3408,71,15.0288888888889,2016,"4",639,"A"
2016-03-01,"5A","East",3408,71,2.28777777777778,2016,"5",639,"A"
2016-03-01,"5B","East",2304,48,21.0594444444444,2016,"5",639,"B"
2016-03-01,"6A","West",2544,53,31.54,2016,"6",639,"A"
2016-03-01,"6B","West",144,3,60,2016,"6",639,"B"
2016-03-01,"7A","West",2928,61,25.1944444444444,2016,"7",639,"A"
2016-03-01,"7B","West",384,8,56.7124444444445,2016,"7",639,"B"
2016-03-01,"8A","West",3312,69,14.4311111111111,2016,"8",639,"A"
2016-03-01,"9A","West",2976,62,24.8988888888889,2016,"9",639,"A"
2016-03-01,"9B","West",144,3,60,2016,"9",639,"B"
2016-08-01,"10A","West",2688,56,28.34,2016,"10",792,"A"
2016-08-01,"10B","West",48,1,60,2016,"10",792,"B"
2016-08-01,"1A","East",2496,52,21.7166666666667,2016,"1",792,"A"
2016-08-01,"1B","East",864,18,45.7921111111111,2016,"1",792,"B"
2016-08-01,"2A","East",2688,56,14.1855555555556,2016,"2",792,"A"
2016-08-01,"2B","East",864,18,36.8315555555556,2016,"2",792,"B"
2016-08-01,"3A","East",3120,65,9.14,2016,"3",792,"A"
2016-08-01,"3B","East",1248,26,0,2016,"3",792,"B"
2016-08-01,"4A","East",3552,74,11.6544444444444,2016,"4",792,"A"
2016-08-01,"5A","East",3456,72,4.57444444444444,2016,"5",792,"A"
2016-08-01,"5B","East",2400,50,15.9436666666667,2016,"5",792,"B"
2016-08-01,"6A","West",2304,48,31.4111111111111,2016,"6",792,"A"
2016-08-01,"6B","West",240,5,60,2016,"6",792,"B"
2016-08-01,"7A","West",2784,58,13.3722222222222,2016,"7",792,"A"
2016-08-01,"7B","West",768,16,47.3088888888889,2016,"7",792,"B"
2016-08-01,"8A","West",3552,74,11.5788888888889,2016,"8",792,"A"
2016-08-01,"9A","West",3120,65,23.1111111111111,2016,"9",792,"A"
2016-08-01,"9B","West",48,1,60,2016,"9",792,"B"
2016-12-01,"10A","West",3408,71,15.1555555555556,2016,"10",914,"A"
2016-12-01,"10B","West",144,3,59.3785555555556,2016,"10",914,"B"
2016-12-01,"1A","East",2784,58,14.0144444444444,2016,"1",914,"A"
2016-12-01,"1B","East",960,20,43.5992222222222,2016,"1",914,"B"
2016-12-01,"2A","East",2784,58,10.7711111111111,2016,"2",914,"A"
2016-12-01,"2B","East",1344,28,12.5266666666667,2016,"2",914,"B"
2016-12-01,"3A","East",3360,70,6.14444444444444,2016,"3",914,"A"
2016-12-01,"3B","East",1680,35,0,2016,"3",914,"B"
2016-12-01,"4A","East",4032,84,10.1555555555556,2016,"4",914,"A"
2016-12-01,"5A","East",3696,77,1.41777777777778,2016,"5",914,"A"
2016-12-01,"5B","East",2400,50,22.73,2016,"5",914,"B"
2016-12-01,"6A","West",2832,59,27.6833333333333,2016,"6",914,"A"
2016-12-01,"6B","West",624,13,54.609,2016,"6",914,"B"
2016-12-01,"7A","West",3120,65,7.33444444444444,2016,"7",914,"A"
2016-12-01,"7B","West",576,12,51.6284444444444,2016,"7",914,"B"
2016-12-01,"8A","West",3408,71,14.1777777777778,2016,"8",914,"A"
2016-12-01,"9A","West",3312,69,17.2577777777778,2016,"9",914,"A"
2016-12-01,"9B","West",144,3,60,2016,"9",914,"B"
2017-03-01,"10A","West",1536,32,16.1588888888889,2017,"10",1004,"A"
2017-03-01,"10B","West",528,11,56.9931111111111,2017,"10",1004,"B"
2017-03-01,"1A","East",2256,47,26.2888888888889,2017,"1",1004,"A"
2017-03-01,"1B","East",720,15,47.1364444444444,2017,"1",1004,"B"
2017-03-01,"2A","East",2304,48,4.05666666666667,2017,"2",1004,"A"
2017-03-01,"2B","East",1296,27,22.5672222222222,2017,"2",1004,"B"
2017-03-01,"3A","East",3120,65,6.34333333333333,2017,"3",1004,"A"
2017-03-01,"3B","East",2256,47,2.73566666666667,2017,"3",1004,"B"
2017-03-01,"4A","East",3216,67,8.87666666666667,2017,"4",1004,"A"
2017-03-01,"5A","East",3408,71,1.36888888888889,2017,"5",1004,"A"
2017-03-01,"5B","East",2400,50,20.2054444444444,2017,"5",1004,"B"
2017-03-01,"6A","West",1632,34,42.1633333333333,2017,"6",1004,"A"
2017-03-01,"6B","West",528,11,48.8842222222222,2017,"6",1004,"B"
2017-03-01,"7A","West",1968,41,3.66222222222222,2017,"7",1004,"A"
2017-03-01,"7B","West",720,15,47.3481111111111,2017,"7",1004,"B"
2017-03-01,"8A","West",3552,74,12.4088888888889,2017,"8",1004,"A"
2017-03-01,"9A","West",3408,71,14.9311111111111,2017,"9",1004,"A"
2017-03-01,"9B","West",336,7,58.9677777777778,2017,"9",1004,"B"
2017-08-01,"10A","West",2736,57,2.10555555555556,2017,"10",1157,"A"
2017-08-01,"10B","West",1680,35,34.8041111111111,2017,"10",1157,"B"
2017-08-01,"1A","East",1968,41,37.61,2017,"1",1157,"A"
2017-08-01,"1B","East",336,7,55.1378888888889,2017,"1",1157,"B"
2017-08-01,"2A","East",3120,65,1.32666666666667,2017,"2",1157,"A"
2017-08-01,"2B","East",2400,50,16.8561111111111,2017,"2",1157,"B"
2017-08-01,"3A","East",3840,80,4.20222222222222,2017,"3",1157,"A"
2017-08-01,"3B","East",2832,59,0,2017,"3",1157,"B"
2017-08-01,"4A","East",3024,63,8.42555555555555,2017,"4",1157,"A"
2017-08-01,"5A","East",4080,85,2.12777777777778,2017,"5",1157,"A"
2017-08-01,"5B","East",3016.67,62.84729167,20.052,2017,"5",1157,"B"
2017-08-01,"6A","West",2400,50,10.6644444444444,2017,"6",1157,"A"
2017-08-01,"6B","West",1248,26,35.0263333333333,2017,"6",1157,"B"
2017-08-01,"7A","West",3072,64,0.167777777777778,2017,"7",1157,"A"
2017-08-01,"7B","West",960,20,48.0668888888889,2017,"7",1157,"B"
2017-08-01,"8A","West",3792,79,10.1522222222222,2017,"8",1157,"A"
2017-08-01,"9A","West",4080,85,8.11444444444444,2017,"9",1157,"A"
2017-08-01,"9B","West",960,20,46.1186666666667,2017,"9",1157,"B"
2017-12-01,"1A","East",2552.292,53.17275,34.0707777777778,2017,"1",1279,"A"
2017-12-01,"1B","East",805.154,16.77404167,47.2533333333333,2017,"1",1279,"B"
2017-12-01,"2A","East",3964.014,82.583625,0,2017,"2",1279,"A"
2017-12-01,"2B","East",3585.906,74.706375,13.0915555555556,2017,"2",1279,"B"
2017-12-01,"3A","East",4168.646,86.84679167,0,2017,"3",1279,"A"
2017-12-01,"3B","East",4677.89,97.45604167,1.98166666666667,2017,"3",1279,"B"
2017-12-01,"4A","East",3273.144,68.1905,9.07577777777778,2017,"4",1279,"A"
2017-12-01,"5A","East",4226.323,88.04839583,0.279111111111111,2017,"5",1279,"A"
2017-12-01,"5B","East",2914.018,60.70870833,18.403,2017,"5",1279,"B"
2017-12-01,"6A","West",2945.757,61.3699375,0.814333333333333,2017,"6",1279,"A"
2017-12-01,"6B","West",2788.278,58.089125,30.7371111111111,2017,"6",1279,"B"
2017-12-01,"7A","West",3268.742,68.09879167,1.36022222222222,2017,"7",1279,"A"
2017-12-01,"7B","West",1708.125,35.5859375,43.835,2017,"7",1279,"B"
2017-12-01,"8A","West",4272.509,89.01060417,10.0618888888889,2017,"8",1279,"A"
2017-12-01,"9A","West",4677.026,97.43804167,0,2017,"9",1279,"A"
2017-12-01,"9B","West",2583.498,53.822875,32.7135555555556,2017,"9",1279,"B"
2017-12-01,"10A","West",3784.352,78.84066667,0,2017,"10",1279,"A"
2017-12-01,"10B","West",2769.329,57.69435417,35.5922222222222,2017,"10",1279,"B"
2018-03-01,"1A","East",2481.624,51.7005,34.5473333333333,2018,"1",1369,"A"
2018-03-01,"1B","East",909.691,18.95189583,51.0033333333333,2018,"1",1369,"B"
2018-03-01,"2A","East",4231.029,88.1464375,0,2018,"2",1369,"A"
2018-03-01,"2B","East",3788.977,78.93702083,15.4151111111111,2018,"2",1369,"B"
2018-03-01,"3A","East",4458.771,92.8910625,0,2018,"3",1369,"A"
2018-03-01,"3B","East",4781.01,99.604375,0,2018,"3",1369,"B"
2018-03-01,"4A","East",3413.089,71.10602083,10.3748888888889,2018,"4",1369,"A"
2018-03-01,"5A","East",4366.788,90.97475,0,2018,"5",1369,"A"
2018-03-01,"5B","East",3300.68,68.76416667,14.1241111111111,2018,"5",1369,"B"
2018-03-01,"6A","West",3893.118,81.106625,0.785444444444444,2018,"6",1369,"A"
2018-03-01,"6B","West",2826.542,58.88629167,25.4673333333333,2018,"6",1369,"B"
2018-03-01,"7A","West",3681.715,76.70239583,0,2018,"7",1369,"A"
2018-03-01,"7B","West",2003.751,41.7448125,39.7251111111111,2018,"7",1369,"B"
2018-03-01,"8A","West",3948.394,82.25820833,14.3272222222222,2018,"8",1369,"A"
2018-03-01,"9A","West",4761.383,99.19547917,0,2018,"9",1369,"A"
2018-03-01,"9B","West",3064.581,63.8454375,27.6448888888889,2018,"9",1369,"B"
2018-03-01,"10A","West",4050.259,84.38039583,0,2018,"10",1369,"A"
2018-03-01,"10B","West",3316.811,69.10022917,28.7784444444444,2018,"10",1369,"B"
2018-08-01,"1A","East",2528.726,52.68179167,27.3132222222222,2018,"1",1522,"A"
2018-08-01,"1B","East",1267.042,26.39670833,32.0415555555556,2018,"1",1522,"B"
2018-08-01,"2A","East",4159.909,86.66477083,0,2018,"2",1522,"A"
2018-07-01,"2B","East",4482.215,93.37947917,2.11688888888889,2018,"2",1491,"B"
2018-08-01,"2B","East",4257.819,88.7045625,7.38344444444445,2018,"2",1522,"B"
2018-08-01,"3A","East",4350.822,90.642125,0,2018,"3",1522,"A"
2018-08-01,"3B","East",4800,100,0,2018,"3",1522,"B"
2018-07-01,"4A","East",3786.766,78.89095833,6.24555555555555,2018,"4",1491,"A"
2018-07-01,"5A","East",4433.655,92.3678125,0,2018,"5",1491,"A"
2018-08-01,"5B","East",3378,70.375,20.2606666666667,2018,"5",1522,"B"
2018-07-01,"6A","West",3949.626,82.283875,0.922,2018,"6",1491,"A"
2018-07-01,"6B","West",3230.414,67.30029167,15.8906666666667,2018,"6",1491,"B"
2018-07-01,"7A","West",4204.972,87.60358333,0,2018,"7",1491,"A"
2018-07-01,"7B","West",1764.78,36.76625,51.1643333333333,2018,"7",1491,"B"
2018-07-01,"8A","West",3951.16,82.31583333,9.29633333333333,2018,"8",1491,"A"
2018-07-01,"9A","West",4777.528,99.53183333,0,2018,"9",1491,"A"
2018-07-01,"9B","West",3995.842,83.24670833,14.6218888888889,2018,"9",1491,"B"
2018-07-01,"10A","West",3980.469,82.9264375,0,2018,"10",1491,"A"
2018-07-01,"10B","West",3605.683,75.11839583,16.3241111111111,2018,"10",1491,"B"
2018-12-01,"1A","East",2575.429,53.65477083,29.7683333333333,2018,"1",1644,"A"
2018-12-01,"1B","East",1450.529,30.21935417,22.581,2018,"1",1644,"B"
2018-12-01,"2A","East",4144.72,86.34833333,0,2018,"2",1644,"A"
2018-12-01,"2B","East",4295.714,89.49404167,6.53622222222222,2018,"2",1644,"B"
2018-12-01,"3A","East",4095.859,85.33039583,0,2018,"3",1644,"A"
2018-12-01,"3B","East",4800,100,0,2018,"3",1644,"B"
2018-12-01,"4A","East",3104.089,64.66852083,8.08033333333334,2018,"4",1644,"A"
2018-12-01,"5A","East",4507.298,93.90204167,0,2018,"5",1644,"A"
2018-12-01,"5B","East",3391.559,70.65747917,13.0196666666667,2018,"5",1644,"B"
2018-12-01,"6A","West",3429.369,71.4451875,0.258555555555556,2018,"6",1644,"A"
2018-12-01,"6B","West",2311.306,48.15220833,20.8694444444444,2018,"6",1644,"B"
2018-12-01,"7A","West",4208.391,87.6748125,0,2018,"7",1644,"A"
2018-12-01,"7B","West",2624.148,54.66975,32.0722222222222,2018,"7",1644,"B"
2018-12-01,"8A","West",3243.868,67.58058333,14.9014444444444,2018,"8",1644,"A"
2018-12-01,"9A","West",4497.064,93.68883333,0,2018,"9",1644,"A"
2018-12-01,"9B","West",3813.767,79.45347917,7.14877777777778,2018,"9",1644,"B"
2018-12-01,"10A","West",3904.454,81.34279167,0,2018,"10",1644,"A"
2018-12-01,"10B","West",3411.754,71.07820833,10.7856666666667,2018,"10",1644,"B"
2019-03-01,"1A","East",2537.347,52.86139583,26.3312222222222,2019,"1",1734,"A"
2019-03-01,"1B","East",1398.536,29.13616667,24.1763333333333,2019,"1",1734,"B"
2019-03-01,"2A","East",4100.66,85.43041667,0,2019,"2",1734,"A"
2019-03-01,"2B","East",4616.682,96.180875,1.87744444444444,2019,"2",1734,"B"
2019-03-01,"3A","East",3810.204,79.37925,0,2019,"3",1734,"A"
2019-03-01,"3B","East",4771.578,99.407875,0,2019,"3",1734,"B"
2019-03-01,"4A","East",2989.169,62.27435417,7.42566666666667,2019,"4",1734,"A"
2019-03-01,"5A","East",4529.704,94.36883333,0,2019,"5",1734,"A"
2019-03-01,"5B","East",3587.468,74.73891667,13.1432222222222,2019,"5",1734,"B"
2019-03-01,"6A","West",3449.599,71.86664583,0,2019,"6",1734,"A"
2019-03-01,"6B","West",3061.781,63.78710417,21.7611111111111,2019,"6",1734,"B"
2019-03-01,"7A","West",3675.841,76.58002083,5.59177777777778,2019,"7",1734,"A"
2019-03-01,"7B","West",1491.081,31.0641875,46.2664444444444,2019,"7",1734,"B"
2019-03-01,"8A","West",4056.777,84.5161875,10.1156666666667,2019,"8",1734,"A"
2019-03-01,"9A","West",4496.783,93.68297917,0,2019,"9",1734,"A"
2019-03-01,"9B","West",4212.241,87.75502083,4.71344444444444,2019,"9",1734,"B"
2019-03-01,"10A","West",3720.368,77.50766667,0,2019,"10",1734,"A"
2019-03-01,"10B","West",3432.561,71.5116875,24.0901111111111,2019,"10",1734,"B"
2019-07-01,"1A","East",1881.301,39.19377083,23.8162222222222,2019,"1",1856,"A"
2019-07-01,"1B","East",794.567,16.55347917,30.4891111111111,2019,"1",1856,"B"
2019-07-01,"2A","East",3624.939,75.5195625,0,2019,"2",1856,"A"
2019-07-01,"2B","East",4590.893,95.64360417,2.54866666666667,2019,"2",1856,"B"
2019-07-01,"3A","East",3623.223,75.4838125,0,2019,"3",1856,"A"
2019-07-01,"3B","East",4800,100,0,2019,"3",1856,"B"
2019-07-01,"4A","East",3149.822,65.62129167,4.35844444444444,2019,"4",1856,"A"
2019-07-01,"5A","East",4503.123,93.8150625,0,2019,"5",1856,"A"
2019-07-01,"5B","East",3896.377,81.17452083,8.888,2019,"5",1856,"B"
2019-07-01,"6A","West",3550.292,73.96441667,0,2019,"6",1856,"A"
2019-07-01,"6B","West",2034.051,42.3760625,22.0917777777778,2019,"6",1856,"B"
2019-07-01,"7A","West",3854.993,80.31235417,4.36644444444444,2019,"7",1856,"A"
2019-07-01,"7B","West",1437.666,29.951375,41.2678888888889,2019,"7",1856,"B"
2019-07-01,"8A","West",3399.609,70.8251875,6.66355555555556,2019,"8",1856,"A"
2019-07-01,"9A","West",4337.968,90.37433333,0,2019,"9",1856,"A"
2019-07-01,"9B","West",3263.303,67.98547917,14.6606666666667,2019,"9",1856,"B"
2019-07-01,"10A","West",3515.87,73.24729167,0,2019,"10",1856,"A"
2019-07-01,"10B","West",2892.326,60.25679167,19.544,2019,"10",1856,"B"
2019-12-01,"1A","East",2436.977,50.77035417,20.6388888888889,2019,"1",2009,"A"
2019-12-01,"1B","East",978.646,20.38845833,42.74,2019,"1",2009,"B"
2019-12-01,"2A","East",4093.937,85.29035417,0,2019,"2",2009,"A"
2019-12-01,"2B","East",4699.706,97.91054167,0.760777777777778,2019,"2",2009,"B"
2019-12-01,"3A","East",3948.937,82.26952083,0,2019,"3",2009,"A"
2019-12-01,"3B","East",4800,100,0,2019,"3",2009,"B"
2019-12-01,"4A","East",3063.561,63.8241875,4.55233333333333,2019,"4",2009,"A"
2019-12-01,"5A","East",4590.783,95.6413125,0,2019,"5",2009,"A"
2019-12-01,"5B","East",4152.072,86.5015,6.01844444444444,2019,"5",2009,"B"
2019-12-01,"6A","West",3360.819,70.0170625,0,2019,"6",2009,"A"
2019-12-01,"6B","West",2897.437,60.36327083,21.5657777777778,2019,"6",2009,"B"
2019-12-01,"7A","West",4008.686,83.51429167,2.80844444444444,2019,"7",2009,"A"
2019-12-01,"7B","West",2013.961,41.95752083,41.7866666666667,2019,"7",2009,"B"
2019-12-01,"8A","West",3641.324,75.86091667,4.96866666666667,2019,"8",2009,"A"
2019-12-01,"9A","West",4262.762,88.80754167,0,2019,"9",2009,"A"
2019-12-01,"9B","West",3474.909,72.3939375,17.6263333333333,2019,"9",2009,"B"
2019-12-01,"10A","West",4592.082,95.668375,0,2019,"10",2009,"A"
2019-12-01,"10B","West",3407.812,70.99608333,26.1302222222222,2019,"10",2009,"B"
2020-03-01,"1A","East",3007.959,62.6658125,16.4466666666667,2020,"1",2100,"A"
2020-03-01,"1B","East",1192.207,24.83764583,35.4068888888889,2020,"1",2100,"B"
2020-03-01,"2A","East",4156.976,86.60366667,0,2020,"2",2100,"A"
2020-03-01,"2B","East",4749.714,98.952375,0,2020,"2",2100,"B"
2020-03-01,"3A","East",3962.423,82.55047917,0,2020,"3",2100,"A"
2020-03-01,"3B","East",4800,100,0,2020,"3",2100,"B"
2020-03-01,"4A","East",2882.947,60.06139583,3.09422222222222,2020,"4",2100,"A"
2020-03-01,"5A","East",4544.577,94.6786875,0,2020,"5",2100,"A"
2020-03-01,"5B","East",4199.185,87.48302083,3.46855555555556,2020,"5",2100,"B"
2020-03-01,"6A","West",3518.44,73.30083333,0,2020,"6",2100,"A"
2020-03-01,"6B","West",3192.143,66.50297917,24.3345555555556,2020,"6",2100,"B"
2020-03-01,"7A","West",3920.084,81.66841667,4.23477777777778,2020,"7",2100,"A"
2020-03-01,"7B","West",2433.036,50.68825,35.9401111111111,2020,"7",2100,"B"
2020-03-01,"8A","West",3540.144,73.753,5.74477777777778,2020,"8",2100,"A"
2020-03-01,"9A","West",4242.165,88.3784375,0,2020,"9",2100,"A"
2020-03-01,"9B","West",3669.347,76.44472917,11.4211111111111,2020,"9",2100,"B"
2020-03-01,"10A","West",4409.276,91.85991667,0,2020,"10",2100,"A"
2020-03-01,"10B","West",2914.692,60.72275,21.4896666666667,2020,"10",2100,"B"
2020-06-01,"1A","East",3060.097,63.75202083,15.9312222222222,2020,"1",2192,"A"
2020-06-01,"1B","East",1260.437,26.25910417,33.7478888888889,2020,"1",2192,"B"
2020-06-01,"2A","East",4206.468,87.63475,0,2020,"2",2192,"A"
2020-06-01,"2B","East",4641.3,96.69375,0.946,2020,"2",2192,"B"
2020-06-01,"3A","East",3960.392,82.50816667,0,2020,"3",2192,"A"
2020-06-01,"3B","East",4800,100,0,2020,"3",2192,"B"
2020-06-01,"4A","East",2776.257,57.8386875,1.99055555555556,2020,"4",2192,"A"
2020-06-01,"5A","East",4616.936,96.18616667,0,2020,"5",2192,"A"
2020-06-01,"5B","East",4289.573,89.36610417,3.85277777777778,2020,"5",2192,"B"
2020-06-01,"6A","West",3457.904,72.03966667,1.06422222222222,2020,"6",2192,"A"
2020-06-01,"6B","West",3343.41,69.654375,24.3023333333333,2020,"6",2192,"B"
2020-06-01,"7A","West",2871.427,59.82139583,13.417,2020,"7",2192,"A"
2020-06-01,"7B","West",1507.127,31.39847917,42.3688888888889,2020,"7",2192,"B"
2020-06-01,"8A","West",3743.327,77.98597917,6.57233333333333,2020,"8",2192,"A"
2020-06-01,"9A","West",4410.762,91.890875,0,2020,"9",2192,"A"
2020-06-01,"9B","West",3486.953,72.64485417,11.5682222222222,2020,"9",2192,"B"
2020-06-01,"10A","West",3851.807,80.24597917,0,2020,"10",2192,"A"
2020-06-01,"10B","West",3036.379,63.25789583,19.888,2020,"10",2192,"B"
2021-03-01,"1A","East",2506.156,52.21158333,12.1761111111111,2021,"1",2465,"A"
2021-03-01,"1B","East",1294.54,26.96958333,33.4351111111111,2021,"1",2465,"B"
2021-03-01,"2A","East",4643.051,96.73022917,0,2021,"2",2465,"A"
2021-03-01,"2B","East",4750.842,98.975875,0,2021,"2",2465,"B"
2021-03-01,"3A","East",4423.535,92.15697917,0,2021,"3",2465,"A"
2021-03-01,"3B","East",4800,100,0,2021,"3",2465,"B"
2021-03-01,"4A","East",3858.312,80.3815,3.16811111111111,2021,"4",2465,"A"
2021-03-01,"5A","East",4732.364,98.59091667,0,2021,"5",2465,"A"
2021-03-01,"5B","East",4600.317,95.8399375,1.47055555555556,2021,"5",2465,"B"
2021-03-01,"6A","West",4687.889,97.66435417,0,2021,"6",2465,"A"
2021-03-01,"6B","West",2966.274,61.797375,22.9488888888889,2021,"6",2465,"B"
2021-03-01,"7A","West",3014.511,62.8023125,17.4881111111111,2021,"7",2465,"A"
2021-03-01,"7B","West",1013.63,21.11729167,46.7838888888889,2021,"7",2465,"B"
2021-03-01,"8A","West",4373.811,91.1210625,2.61688888888889,2021,"8",2465,"A"
2021-03-01,"9A","West",4741.191,98.7748125,0,2021,"9",2465,"A"
2021-03-01,"9B","West",4149.372,86.44525,7.35288888888889,2021,"9",2465,"B"
2021-03-01,"10A","West",4364.543,90.92797917,0,2021,"10",2465,"A"
2021-03-01,"10B","West",4058.996,84.56241667,9.22344444444444,2021,"10",2465,"B"
2021-11-01,"1A","East",2977.358,62.02829167,3.78011111111111,2021,"1",2710,"A"
2021-11-01,"1B","East",1764.791,36.76647917,28.137,2021,"1",2710,"B"
2021-11-01,"2A","East",4659.218,97.06704167,0,2021,"2",2710,"A"
2021-11-01,"2B","East",4644.441,96.7591875,0.752111111111111,2021,"2",2710,"B"
2021-11-01,"3A","East",4284.03,89.250625,0,2021,"3",2710,"A"
2021-11-01,"3B","East",4602.326,95.88179167,0,2021,"3",2710,"B"
2021-11-01,"4A","East",3932.573,81.92860417,1.50422222222222,2021,"4",2710,"A"
2021-11-01,"5A","East",4800,100,0,2021,"5",2710,"A"
2021-11-01,"5B","East",4603.826,95.91304167,2.28566666666667,2021,"5",2710,"B"
2021-11-01,"6A","West",4409.885,91.87260417,0,2021,"6",2710,"A"
2021-11-01,"6B","West",3452.448,71.926,16.2638888888889,2021,"6",2710,"B"
2021-11-01,"7A","West",3862.274,80.46404167,5.21611111111111,2021,"7",2710,"A"
2021-11-01,"7B","West",2212.692,46.09775,28.327,2021,"7",2710,"B"
2021-11-01,"8A","West",4195.948,87.41558333,2.99877777777778,2021,"8",2710,"A"
2021-11-01,"9A","West",4769.21,99.35854167,0,2021,"9",2710,"A"
2021-11-01,"9B","West",4253.159,88.60747917,3.86811111111111,2021,"9",2710,"B"
2021-11-01,"10A","West",4800,100,0,2021,"10",2710,"A"
2021-11-01,"10B","West",3808.784,79.34966667,8.30366666666667,2021,"10",2710,"B"
2022-12-01,"1A","East",2264.326,47.1734583,8.555,2022,"1",3105,"A"
2022-12-01,"1B","East",1835.119,38.2316458,19.646,2022,"1",3105,"B"
2022-12-01,"2A","East",4480.102,93.3354583,0,2022,"2",3105,"A"
2022-12-01,"2B","East",4635.36,96.57,2.424,2022,"2",3105,"B"
2022-12-01,"3A","East",4136.139,86.1695625,0,2022,"3",3105,"A"
2022-12-01,"3B","East",4559.087,94.9809792,0,2022,"3",3105,"B"
2022-12-01,"4A","East",2901.513,60.4481875,0,2022,"4",3105,"A"
2022-12-01,"5A","East",4766.685,99.3059375,0,2022,"5",3105,"A"
2022-12-01,"5B","East",4740.234,98.754875,0,2022,"5",3105,"B"
2022-12-01,"6A","West",4315.959,89.9158125,0,2022,"6",3105,"A"
2022-12-01,"6B","West",4115.34,85.73625,3.59566666666667,2022,"6",3105,"B"
2022-12-01,"7A","West",3992.621,83.1796042,2.66644444444444,2022,"7",3105,"A"
2022-12-01,"7B","West",2479.062,51.647125,4.78755555555556,2022,"7",3105,"B"
2022-12-01,"8A","West",4223.192,87.9831667,1.45444444444444,2022,"8",3105,"A"
2022-12-01,"9A","West",4800,100,0,2022,"9",3105,"A"
2022-12-01,"9B","West",4048.487,84.3434792,8.43411111111111,2022,"9",3105,"B"
2022-12-01,"10A","West",4800,100,0,2022,"10",3105,"A"
2022-12-01,"10B","West",3364.685,70.0976042,15.2421111111111,2022,"10",3105,"B"
2023-05-27,"1A","East",2291.392,47.737333,10.3304444444444,2023,"1",3282,"A"
2023-05-27,"1B","East",1822.488,37.9685,19.3853333333333,2023,"1",3282,"B"
2023-05-27,"2A","East",4397,91.6041667,0,2023,"2",3282,"A"
2023-05-27,"2B","East",4693.639,97.7841458,0.650333333333333,2023,"2",3282,"B"
2023-05-27,"3A","East",2998.363,62.4658958,14.1835555555556,2023,"3",3282,"A"
2023-05-27,"3B","East",713.956,14.8740833,25.3022222222222,2023,"3",3282,"B"
2023-05-27,"4A","East",2868.102,59.752125,5.02144444444444,2023,"4",3282,"A"
2023-05-27,"5A","East",4781.114,99.606542,0,2023,"5",3282,"A"
2023-05-27,"5B","East",4787.43,99.738125,0.205777777777778,2023,"5",3282,"B"
2023-05-27,"6A","West",4282.616,89.2211667,0,2023,"6",3282,"A"
2023-05-27,"6B","West",4074.456,84.8845,4.11722222222222,2023,"6",3282,"B"
2023-05-27,"7A","West",4175.699,86.9937292,3.19955555555556,2023,"7",3282,"A"
2023-05-27,"7B","West",2193.705,45.7021875,8.63011111111111,2023,"7",3282,"B"
2023-05-27,"8A","West",4358.016,90.792,0,2023,"8",3282,"A"
2023-05-27,"9A","West",4800,100,0,2023,"9",3282,"A"
2023-05-27,"9B","West",3600.076,75.0015833,5.58677777777778,2023,"9",3282,"B"
2023-05-27,"10A","West",3828.401,79.7583542,7.80911111111111,2023,"10",3282,"A"
2023-05-27,"10B","West",2793.508,58.1980833,13.697,2023,"10",3282,"B"
2023-12-12,"1A","East",2493.979,51.95789583,6.87311111111111,2023,"1",3481,"A"
2023-12-12,"1B","East",2210.178,46.045375,13.2448888888889,2023,"1",3481,"B"
2023-12-12,"2A","East",4523.395,94.23739583,0,2023,"2",3481,"A"
2023-12-12,"2B","East",4716.599,98.26247917,0,2023,"2",3481,"B"
2023-12-12,"3A","East",3484.603,72.59589583,9.98533333333333,2023,"3",3481,"A"
2023-12-12,"3B","East",2556.14,53.25291667,19.5805555555556,2023,"3",3481,"B"
2023-12-12,"4A","East",3414.624,71.138,2.97944444444444,2023,"4",3481,"A"
2023-12-12,"5A","East",4800,100,0,2023,"5",3481,"A"
2023-12-12,"5B","East",4198.536,87.4695,7.29411111111111,2023,"5",3481,"B"
2023-12-12,"6A","West",4306.184,89.71216667,5.95144444444445,2023,"6",3481,"A"
2023-12-12,"6B","West",3693.452,76.94691667,8.64333333333333,2023,"6",3481,"B"
2023-12-12,"7A","West",4303.997,89.66660417,3.41444444444444,2023,"7",3481,"A"
2023-12-12,"7B","West",1635.757,34.07827083,10.8998888888889,2023,"7",3481,"B"
2023-12-12,"8A","West",4522.554,94.219875,0.958666666666667,2023,"8",3481,"A"
2023-12-12,"9A","West",4407.997,91.83327083,0,2023,"9",3481,"A"
2023-12-12,"9B","West",3152.031,65.6673125,14.5427777777778,2023,"9",3481,"B"
2023-12-12,"10A","West",3717.943,77.45714583,11.2832222222222,2023,"10",3481,"A"
2023-12-12,"10B","West",1363.42,28.40458333,39.8825555555556,2023,"10",3481,"B"
2024-03-07,"1A","East",2668.325,55.59010417,6.56511111111111,2024,"1",3567,"A"
2024-03-07,"1B","East",1832.793,38.1831875,13.1107777777778,2024,"1",3567,"B"
2024-03-07,"6A","West",4247.154,88.482375,6.63255555555556,2024,"6",3567,"A"
2024-03-07,"6B","West",3544.088,73.83516667,11.8093333333333,2024,"6",3567,"B"
2024-03-07,"7A","West",3349.147,69.77389583,16.1667777777778,2024,"7",3567,"A"
2024-03-07,"7B","West",757.294,15.77695833,40.9292222222222,2024,"7",3567,"B"
2024-03-07,"8A","West",4524.731,94.26522917,0.385666666666667,2024,"8",3567,"A"
2024-03-07,"9A","West",2415.517,50.32327083,0,2024,"9",3567,"A"
2024-03-07,"9B","West",3732.704,77.76466667,20.7773333333333,2024,"9",3567,"B"
2024-03-07,"10A","West",1288.534,26.84445833,8.26411111111111,2024,"10",3567,"A"
2024-03-07,"10B","West",4435.853,92.41360417,43.9661111111111,2024,"10",3567,"B"
2024-03-07,"2A","East",3389.231,70.60897917,0,2024,"2",3567,"A"
2024-03-07,"2B","East",4309.332,89.77775,5.00666666666667,2024,"2",3567,"B"
2024-03-07,"3A","East",3684.362,76.75754167,8.742,2024,"3",3567,"A"
2024-03-07,"3B","East",637.685,13.28510417,37.9486666666667,2024,"3",3567,"B"
2024-03-07,"4A","East",1446.935,30.14447917,43.9234444444444,2024,"4",3567,"A"
2024-03-07,"5A","East",4509.524,93.94841667,7.45144444444444,2024,"5",3567,"A"
2024-03-07,"5B","East",2256.462,47.009625,17.5131111111111,2024,"5",3567,"B"
