Date,Plot,Site,Area (cm^2),% Coverage,M1: 0,M2: 10,M3: 20,M4: 30,M5: 40,M6: 50,M7: 60,M8: 70,M9: 80,Avg Height,Notes,Analyzed By:
Jun-14,10A,West,2733.99,54.6798,31.55,35.01,14.18,27.75,28.55,26.09,23.16,21.56,21.43,25.47555556,,Not Mica
Jun-14,10B,West,7.47,0.1494,NA,NA,NA,NA,NA,NA,NA,NA,NA,NA,,Not Mica
Jun-14,1A,East,2469.4,49.388,27.43,29.26,26.96,33.92,33.78,8.24,9.12,42.23,38.51,27.71666667,,Not Mica
Jun-14,1B,East,637.21,12.7442,NA,NA,NA,33.84,30.021,42.952,44.165,NA,NA,37.7445,,Not Mica
Jun-14,2A,East,1886.8,37.736,50.53,41.85,42.58,37.75,37.81,41.12,43.71,40.99,37.55,41.54333333,,Not Mica
Jun-14,2B,East,397.01,7.9402,NA,28.941,28.595,NA,NA,NA,NA,NA,NA,28.768,,Not Mica
Jun-14,3A,East,3974.04,79.4808,14.24,14.1,11.7,7.89,0,8.02,3.81,9.89,37.9,11.95,,Not Mica
Jun-14,3B,East,2641.69,52.8338,44.75,39.221,38.184,28.94,21.77,27.558,32.832,36.716,35.592,33.95144444,,Not Mica
Jun-14,4A,East,2918.26,58.3652,25.27,26.4,26.13,33,32.13,31.87,31.07,31.93,34.2,30.22222222,,Not Mica
Jun-14,5A,East,2416.45,48.329,33.67,35.73,33.87,32.73,31.47,31,27.93,26.47,17.53,30.04444444,,Not Mica
Jun-14,5B,East,852.96,17.0592,55.034,55.727,55.981,53.998,53.65,52.438,49.155,46.397,40.776,51.46177778,,Not Mica
Jun-14,6A,West,2073.57,41.4714,30.91,29.31,31.71,40.25,37.25,40.85,47.2,41.25,42.72,37.93888889,,Not Mica
Jun-14,6B,West,46.81,0.9362,NA,NA,NA,NA,NA,NA,NA,NA,NA,#DIV/0!,,Not Mica
Jun-14,7A,West,2582.34,51.6468,31.29,43.34,35.22,31.36,37.22,28.89,20.44,18.24,18.84,29.42666667,,Not Mica
Jun-14,7B,West,48.85,0.977,NA,NA,NA,NA,NA,NA,NA,NA,NA,#DIV/0!,,Not Mica
Jun-14,8A,West,2787.61,55.7522,13.27,16.73,31.47,35.33,37.27,30.27,26.73,26.6,13.27,25.66,,Not Mica
Jun-14,9A,West,2610.07,52.2014,22.02,24.3,30.86,34.14,32.22,28.31,32.73,44.58,41.03,32.24333333,,Not Mica
Jun-14,9B,West,36.09,0.7218,NA,NA,NA,NA,NA,NA,NA,NA,NA,#DIV/0!,,Not Mica
Jun-14,10A,West,2744.31,54.8862,30.45,33.23,11.16,26.32,27.87,25.35,22.71,20.9,28.39,25.15333333,,Not Mica
Jun-14,10B,West,36.38,0.7276,NA,NA,NA,NA,NA,NA,NA,NA,NA,NA,,Not Mica
Jun-14,1A,East,2490.76,49.8152,24.97,29.22,26.54,16.86,16.14,8.95,8.37,41.7,40.98,23.74777778,,Not Mica
Jun-14,1B,East,633.5,12.67,NA,NA,NA,50.589,31.67,44.864,47.377,NA,NA,43.625,,Not Mica
Jun-14,2A,East,1948.56,38.9712,53.31,43.18,45.13,39.28,39.09,41.75,45.32,41.55,37.72,42.92555556,,Not Mica
Jun-14,2B,East,371.61,7.4322,NA,30.409,29.634,NA,NA,NA,NA,NA,NA,30.0215,,Not Mica
Jun-14,3A,East,4219.77,84.3954,15.39,18.24,7.18,1.23,1.55,0,4.4,3.04,29.56,8.954444444,,Not Mica
Jun-14,3B,East,2594.48,51.8896,0,0,3.715,0,0,0,0,1.641,0,0.5951111111,,Not Mica
Jun-14,4A,East,2749.54,54.9908,26.23,29.59,28.1,33.07,32.69,35.59,27.78,31.2,33.14,30.82111111,,Not Mica
Jun-14,5A,East,2406.45,48.129,33.89,33.05,34.66,33.89,32.02,29.51,28.09,26.68,19.46,30.13888889,,Not Mica
Jun-14,5B,East,640.58,12.8116,NA,NA,NA,NA,57.707,56.502,55.375,46.39,44.146,52.024,,Not Mica
Jun-14,6A,West,2021.99,40.4398,30.67,28.61,31.06,40.14,37.24,40.66,48.58,40.33,43.3,37.84333333,,Not Mica
Jun-14,6B,West,39.39,0.7878,NA,NA,NA,NA,NA,NA,NA,NA,NA,#DIV/0!,,Not Mica
Jun-14,7A,West,2446.66,48.9332,37.95,41.37,40.66,37.63,37.56,30.67,21.2,16.88,16.49,31.15666667,,Not Mica
Jun-14,7B,West,50.99,1.0198,NA,NA,NA,NA,NA,NA,NA,NA,NA,#DIV/0!,,Not Mica
Jun-14,8A,West,2960.81,59.2162,13.68,16.32,30.45,33.87,36.32,29.23,26.13,24.52,20.97,25.72111111,,Not Mica
Jun-14,9A,West,2310.41,46.2082,20.35,27,33.91,35.53,33.01,28.88,35.21,29.72,41.15,31.64,,Not Mica
Jun-14,9B,West,30.09,0.6018,NA,NA,NA,NA,NA,NA,NA,NA,NA,#DIV/0!,,Not Mica
Jul-14,10A,West,2655.96,53.1192,31.4,33.47,13.83,19.71,26.95,26.43,23.72,22.16,23.39,24.56222222,,Not Mica
Jul-14,10B,West,9.78,0.1956,NA,NA,NA,NA,NA,NA,NA,NA,NA,NA,,Not Mica
Jul-14,1A,East,2490.16,49.8032,27.13,30.73,33.05,17.01,15.59,9.41,7.15,38.72,39.69,24.27555556,,Not Mica
Jul-14,1B,East,597.23,11.9446,NA,51.746,NA,50.886,51.408,45.652,46.256,NA,NA,49.1896,,Not Mica
Jul-14,2A,East,1785.77,35.7154,45.3,44.5,43.05,40.53,40.6,44.57,45.83,40.33,39.93,42.73777778,,Not Mica
Jul-14,2B,East,433.97,8.6794,NA,27.542,28.658,NA,37.581,NA,NA,NA,NA,31.26033333,,Not Mica
Jul-14,3A,East,4098.65,81.973,19.34,12.4,9.51,0.96,0,2.12,4.5,15.42,34,10.91666667,,Not Mica
Jul-14,3B,East,2586.69,51.7338,0,0,0,0,0,0,0,0,0,0,,Not Mica
Jul-14,4A,East,2936.34,58.7268,24.22,25.84,25.84,32.56,31.4,30.43,23.38,31.4,33.66,28.74777778,,Not Mica
Jul-14,5A,East,2260.81,45.2162,35.87,35.61,36.97,37.03,37.35,33.23,31.55,29.51,22,33.23555556,,Not Mica
Jul-14,5B,East,624.11,12.4822,NA,NA,NA,NA,NA,59.522,57.366,51.574,44.922,53.346,,Not Mica
Jul-14,6A,West,1901.53,38.0306,30.49,28.75,30.75,41.09,37.34,40.83,48.19,39.66,42.83,37.77,,Not Mica
Jul-14,6B,West,48.12,0.9624,NA,NA,NA,NA,NA,NA,NA,NA,NA,#DIV/0!,,Not Mica
Jul-14,7A,West,2458.6,49.172,31.59,39.41,35.4,31.07,36.89,30.04,20.61,18.22,17.96,29.02111111,,Not Mica
Jul-14,7B,West,47.33,0.9466,NA,NA,NA,NA,NA,NA,NA,NA,NA,#DIV/0!,,Not Mica
Jul-14,8A,West,3026.5,60.53,14.26,16.73,30.79,34.24,35.74,29.43,25,24.28,11.26,24.63666667,,Not Mica
Jul-14,9A,West,2511.66,50.2332,19.17,26.1,27.27,31.99,30.57,23.64,32.19,26.36,37.44,28.30333333,,Not Mica
Jul-14,9B,West,14.02,0.2804,NA,NA,NA,NA,NA,NA,NA,NA,NA,#DIV/0!,,Not Mica
Aug-14,10A,West,2900.78,58.0156,34.27,33.09,10.68,16.38,26.08,24.64,23.98,21.95,23.26,23.81444444,,Not Mica
Aug-14,10B,West,2.133,0.04266,NA,NA,NA,NA,NA,NA,NA,NA,NA,NA,,Not Mica
Aug-14,1A,East,2496.11,49.9222,25.26,30.35,31.2,17.75,16.78,8.49,11.16,42.17,39.62,24.75333333,,Not Mica
Aug-14,1B,East,644.97,12.8994,NA,50.238,43.385,50.76,50.586,44.167,46.076,NA,NA,47.53533333,,Not Mica
Aug-14,2A,East,1734.89,34.6978,54.14,49.57,49.43,43,42.79,44.07,48.71,46.71,38.07,46.27666667,,Not Mica
Aug-14,2B,East,521.65,10.433,NA,NA,NA,NA,39.825,NA,NA,NA,NA,39.825,,Not Mica
Aug-14,3A,East,4228.04,84.5608,17.15,16.09,8.58,5.01,3.76,7.19,3.69,15.5,35.55,12.50222222,,Not Mica
Aug-14,3B,East,2660.53,53.2106,0,0,0,0,0,0,0,0,0,0,,Not Mica
Aug-14,4A,East,2978.65,59.573,24.87,26.37,27.68,30.5,32.46,29.97,24.34,31.94,34.75,29.20888889,,Not Mica
Aug-14,5A,East,2440.6,48.812,32.33,33.83,34.95,34.1,33.44,31.22,30.24,29.12,20.94,31.13,,Not Mica
Aug-14,5B,East,611.66,12.2332,NA,NA,NA,NA,NA,59.176,57.195,52.524,46.046,53.73525,,Not Mica
Aug-14,6A,West,2103.4,42.068,32.57,30.87,31.66,39.88,39.3,39.88,45.23,38.71,42.56,37.85111111,,Not Mica
Aug-14,6B,West,42.89,0.8578,NA,NA,NA,NA,NA,NA,NA,NA,NA,#DIV/0!,,Not Mica
Aug-14,7A,West,2702.73,54.0546,31.91,40.3,34.86,42,37.61,29.62,20.71,18.48,17.17,30.29555556,,Not Mica
Aug-14,7B,West,71.2,1.424,NA,NA,NA,NA,NA,NA,NA,NA,NA,#DIV/0!,,Not Mica
Aug-14,8A,West,3047.6,60.952,14.17,17.06,31.3,34.19,35.69,29.59,25.46,24.08,17.58,25.45777778,,Not Mica
Aug-14,9A,West,2495.21,49.9042,20.85,25.07,28.88,34.6,31.58,24.08,34.21,27.04,37.89,29.35555556,,Not Mica
Aug-14,9B,West,18.46,0.3692,NA,NA,NA,NA,NA,NA,NA,NA,NA,#DIV/0!,,Not Mica
Dec-14,10A,West,3279.875,65.5975,30.03,31.9,12.87,14.34,20.31,25.07,21.38,20.91,24.6,22.37888889,,Not Mica
Dec-14,10B,West,16.766,0.33532,NA,NA,NA,NA,NA,NA,NA,NA,NA,NA,,Not Mica
Dec-14,1A,East,2638.406,52.76812,22.16,28.77,27.3,14.95,13.48,6.01,6.94,37.45,36.18,21.47111111,,Not Mica
Dec-14,1B,East,637.383,12.74766,53.362,49.023,NA,48.329,48.156,42.863,44.598,NA,NA,47.72183333,,Not Mica
Dec-14,2A,East,2123.001,42.46002,52.31,43.74,44.76,39.18,35.24,40.82,42.04,39.32,35.44,41.42777778,,Not Mica
Dec-14,2B,East,626.934,12.53868,NA,29.286,29.114,50.279,39.739,NA,NA,NA,NA,37.1045,,Not Mica
Dec-14,3A,East,4479.827,89.59654,17.6,17.69,12.15,4.81,4.41,6.14,11.15,15.55,34.05,13.72777778,,Not Mica
Dec-14,3B,East,2728.04,54.5608,0,0,0,0,0,0,0,0,0,0,,Not Mica
Dec-14,4A,East,3010.339,60.20678,29.07,29.8,28.47,23.07,24.67,34.13,23.4,23.73,32.67,27.66777778,,Not Mica
Dec-14,5A,East,2561.177,51.22354,35.8,33.73,0,0,33.73,33.27,30.6,28.13,21.67,24.10333333,,Not Mica
Dec-14,5B,East,950.919,19.01838,NA,NA,38.446,NA,NA,54.771,51.488,48.552,38.618,46.375,,Not Mica
Dec-14,6A,West,2215.079,44.30158,31.72,31.25,31.05,39.76,30.25,40.03,40.43,35.9,43.22,35.95666667,,Not Mica
Dec-14,6B,West,55.107,1.10214,NA,NA,NA,NA,NA,NA,NA,NA,NA,#DIV/0!,,Not Mica
Dec-14,7A,West,2752.893,55.05786,24.77,39.01,35.69,34.29,35.22,27.7,18.31,15.31,14.71,27.22333333,,Not Mica
Dec-14,7B,West,167.105,3.3421,NA,NA,NA,NA,NA,NA,NA,NA,NA,#DIV/0!,,Not Mica
Dec-14,8A,West,3021.127,60.42254,6.87,16.53,28.8,32.73,36.2,27.47,25.87,25.33,20.73,24.50333333,,Not Mica
Dec-14,9A,West,2634.173,52.68346,18.76,23.63,29.24,33.51,31.51,24.7,31.98,27.9,39.85,29.00888889,,Not Mica
Dec-14,9B,West,69.029,1.38058,NA,NA,NA,NA,NA,NA,NA,NA,NA,#DIV/0!,,Not Mica
Mar-15,10A,West,3280.973,65.61946,24.64,20.41,10.5,15.13,18.16,23.38,16.71,17.9,31.11,19.77111111,,Not Mica
Mar-15,10B,West,86.127,1.72254,NA,NA,NA,NA,NA,NA,NA,NA,NA,NA,,Not Mica
Mar-15,1A,East,2604.219,52.08438,23.38,29.8,28.08,16.82,15.03,8.61,6.95,36.89,39.01,22.73,,Not Mica
Mar-15,1B,East,603.333,12.06666,NA,46.768,36.963,33.145,49.284,41.995,44.686,NA,NA,42.14016667,,Not Mica
Mar-15,2A,East,2219.046,44.38092,47.58,44.36,42.21,6.64,4.03,5.17,40.13,38.19,37.11,29.49111111,,Not Mica
Mar-15,2B,East,745.002,14.90004,NA,29.199,29.199,49.244,38.27,46.909,NA,NA,NA,38.5642,,Not Mica
Mar-15,3A,East,4317.027,86.34054,12.58,0,0.2,0,12.05,5.83,7.09,0,0,4.194444444,,Not Mica
Mar-15,3B,East,3140.254,62.80508,0,0,0,0,0,0,0,0,0,0,,Not Mica
Mar-15,4A,East,3214.063,64.28126,26.25,8.44,2.44,23.75,23.35,32.98,23.15,24.8,30.8,21.77333333,,Not Mica
Mar-15,5A,East,2675.183,53.50366,35.68,33.42,0,0,33.29,32.76,27.92,25.93,19.03,23.11444444,,Not Mica
Mar-15,5B,East,1135.149,22.70298,NA,19.093,25.832,19.437,32.136,57.197,53.911,50.107,41.909,37.45275,,Not Mica
Mar-15,6A,West,2184.217,43.68434,26.91,30.8,30.54,38.78,35.49,39.64,39.58,37.6,43.27,35.84555556,,Not Mica
Mar-15,6B,West,92.2,1.844,NA,NA,NA,NA,NA,NA,NA,NA,NA,#DIV/0!,,Not Mica
Mar-15,7A,West,2743.618,54.87236,22.59,37.19,35.14,33.82,39.5,27.54,19.81,17.04,13.74,27.37444444,,Not Mica
Mar-15,7B,West,275.969,5.51938,NA,NA,NA,NA,NA,NA,NA,NA,NA,#DIV/0!,,Not Mica
Mar-15,8A,West,3065.272,61.30544,10.3,16.51,28.47,33.02,36.06,28.27,25.96,25.43,21.66,25.07555556,,Not Mica
Mar-15,9A,West,2799.173,55.98346,21.28,22.33,27.8,33.07,28.39,22.66,34.12,26.68,27.27,27.06666667,,Not Mica
Mar-15,9B,West,171.928,3.43856,NA,NA,NA,NA,NA,NA,NA,NA,NA,#DIV/0!,,Not Mica
Jul-15,10A,West,3351.346,67.02692,27.02,13.71,7.83,12.86,17.49,24.09,16.51,18.8,29.11,18.60222222,,Not Mica
Jul-15,10B,West,33.531,0.67062,NA,NA,NA,NA,NA,NA,NA,NA,NA,NA,,Not Mica
Jul-15,1A,East,2749.002,54.98004,23.01,25.62,25.49,14.9,14.51,6.93,5.56,35.69,37.12,20.98111111,,Not Mica
Jul-15,1B,East,744.734,14.89468,NA,47.013,36.364,32.121,47.186,43.117,42.34,NA,NA,41.35683333,,Not Mica
Jul-15,2A,East,2410.712,48.21424,55.46,45.12,45.72,19.2,3.53,4.2,12,36.13,32.13,28.16555556,,Not Mica
Jul-15,2B,East,853.842,17.07684,NA,26.35,26.264,31.015,40.175,47.773,21.943,22.29,23.843,29.956625,,Not Mica
Jul-15,3A,East,3878.906,77.57812,11.99,26.21,1.04,0,18.77,16.3,34.16,43.16,18.51,18.90444444,,Not Mica
Jul-15,3B,East,427.89,8.914375,0,0,7.516,11.317,13.564,0,0,6.221,0,4.290888889,"Covered in Macroalgae, can't tell where mussels are",Not Mica
Jul-15,4A,East,3292.362,65.84724,21.53,23.43,26.18,20.88,23.82,26.18,22.45,31.81,17.67,23.77222222,,Not Mica
Jul-15,5A,East,2980.373,59.60746,4.79,0,0,0,29.86,8.01,27.36,23.56,15.42,12.11111111,,Not Mica
Jul-15,5B,East,1996.678,39.93356,32.137,8.034,12.958,0,8.294,25.917,16.932,45.441,20.906,18.95766667,,Not Mica
Jul-15,6A,West,2335.337,46.70674,26.73,29.79,30.31,30.96,33.64,38.53,39.05,34.94,42.89,34.09333333,,Not Mica
Jul-15,6B,West,94.571,1.89142,NA,NA,NA,NA,NA,NA,NA,NA,NA,#DIV/0!,,Not Mica
Jul-15,7A,West,3086.67,61.7334,30.33,33.33,31.44,31.96,33.4,23.99,17.45,17.19,19.61,26.52222222,,Not Mica
Jul-15,7B,West,283.635,5.6727,NA,NA,NA,NA,NA,NA,NA,NA,NA,#DIV/0!,,Not Mica
Jul-15,8A,West,3247.19,64.9438,8.33,15.76,27.41,31.38,34.83,27.28,24.87,22.98,20.57,23.71222222,,Not Mica
Jul-15,9A,West,2873.217,57.46434,21.8,21.93,32.11,32.57,30.55,25.46,28.26,27.74,24.8,27.24666667,,Not Mica
Jul-15,9B,West,90.682,1.81364,NA,NA,NA,NA,NA,NA,NA,NA,NA,#DIV/0!,,Not Mica
Dec-15,10A,West,3200,64,26.21,34.46,17.65,14,20.2,15.73,16.3,17.77,20.97,20.36555556,,Not Mica
Dec-15,10B,West,50,1,NA,NA,NA,NA,NA,NA,NA,NA,NA,NA,,Not Mica
Dec-15,1A,East,2800,56,19.24,9.75,2.99,0,13.89,6.11,3.95,36.62,37.39,14.43777778,,Not Mica
Dec-15,1B,East,700,14,NA,47.792,38.444,34.026,50.479,43.463,46.407,NA,NA,43.43516667,,Not Mica
Dec-15,2A,East,2350,47,22,10,17.42,6.84,0,7.35,16.52,42.19,41.55,18.20777778,,Not Mica
Dec-15,2B,East,700,14,NA,24.88,28.163,47.775,39.051,46.479,17.97,NA,NA,34.053,,Not Mica
Dec-15,3A,East,3400,68,14.52,23.18,0,0,20,16.24,14.52,29.04,11.97,14.38555556,,Not Mica
Dec-15,3B,East,1850,37,0,0,0,0,0,0,0,0,0,0,,Not Mica
Dec-15,4A,East,3450,69,24.78,22.61,26.75,18.98,18.03,7.45,23.25,22.55,17.2,20.17777778,,Not Mica
Dec-15,5A,East,3400,68,0,0,0,0,0,0,0,0,0,0,,Not Mica
Dec-15,5B,East,2150,43,23.929,20.301,22.549,18.229,17.882,20.993,18.228,23.932,18.919,20.55133333,,Not Mica
Dec-15,6A,West,2550,51,26.25,27.86,26.58,30.18,34.55,37.32,41.5,33.14,37.71,32.78777778,,Not Mica
Dec-15,6B,West,150,3,NA,NA,NA,NA,NA,NA,NA,NA,NA,#DIV/0!,,Not Mica
Dec-15,7A,West,3150,63,39.21,37.35,35.95,34.67,24.97,25.92,18.71,15.64,14.3,27.41333333,,Not Mica
Dec-15,7B,West,350,7,59.349,47.6,NA,NA,NA,NA,NA,NA,NA,53.4745,,Not Mica
Dec-15,8A,West,3400,68,8.71,9.86,25.93,35.91,11.52,13.76,24.65,18.57,12.04,17.88333333,,Not Mica
Dec-15,9A,West,2750,55,18.93,21.23,33.18,29.54,26.53,24.55,32.61,27.17,39.64,28.15333333,,Not Mica
Dec-15,9B,West,50,1,NA,NA,NA,NA,NA,NA,NA,NA,NA,#DIV/0!,,Not Mica
Mar-16,10A,West,2880,60,27.37,36.77,16.8,26.46,20.82,18.94,17.96,23.48,29.57,24.24111111,,Not Mica
Mar-16,10B,West,144,3,NA,NA,NA,NA,NA,NA,NA,NA,NA,NA,,Not Mica
Mar-16,1A,East,2736,57,20.88,10.96,3.18,0.58,14.01,4.6,3.5,37.35,38.65,14.85666667,,Not Mica
Mar-16,1B,East,768,16,NA,45.541,37.316,33.421,51.085,42.944,43.896,NA,NA,42.36716667,,Not Mica
Mar-16,2A,East,2448,51,20.71,6.36,13.05,10.84,0.84,4.16,13.38,37.86,36.36,15.95111111,,Not Mica
Mar-16,2B,East,960,20,NA,22.375,17.882,22.029,37.929,16.414,12.872,14.169,14.772,19.80525,,Not Mica
Mar-16,3A,East,3072,64,13.87,10.29,0,0,0,1.5,0,0.07,0,2.858888889,,Not Mica
Mar-16,3B,East,1392,29,0,0,0,0,0,0,0,0,0,0,,Not Mica
Mar-16,4A,East,3408,71,21.95,25.58,0.32,17.47,9.42,0.52,19.68,22.92,17.4,15.02888889,,Not Mica
Mar-16,5A,East,3408,71,6.28,0,0,0,0,0,0.71,0,13.6,2.287777778,,Not Mica
Mar-16,5B,East,2304,48,26.435,21.165,24.275,18.487,18.573,21.77,18.141,21.943,18.746,21.05944444,,Not Mica
Mar-16,6A,West,2544,53,23.61,27.24,26.72,28.86,31.39,35.73,41.96,32.81,35.54,31.54,,Not Mica
Mar-16,6B,West,144,3,NA,NA,NA,NA,NA,NA,NA,NA,NA,#DIV/0!,,Not Mica
Mar-16,7A,West,2928,61,35.82,41.97,35.23,35.56,11.4,26.81,15.67,9.26,15.03,25.19444444,,Not Mica
Mar-16,7B,West,384,8,39.916,51.751,58.745,NA,NA,NA,NA,NA,NA,50.13733333,,Not Mica
Mar-16,8A,West,3312,69,7.51,4.49,7.02,10.99,12.03,26.01,23.34,26.01,12.48,14.43111111,,Not Mica
Mar-16,9A,West,2976,62,22.01,13.51,30.84,28.83,28.9,21.36,26.04,37.21,15.39,24.89888889,,Not Mica
Mar-16,9B,West,144,3,NA,NA,NA,NA,NA,NA,NA,NA,NA,#DIV/0!,,Not Mica
Aug-16,10A,West,2688,56,30.2,34.4,36.67,17.8,21.53,16,30.53,36.2,31.73,28.34,,Not Mica
Aug-16,10B,West,48,1,NA,NA,NA,NA,NA,NA,NA,NA,NA,NA,,Not Mica
Aug-16,1A,East,2496,52,30.67,10.42,41.56,15.17,14.58,4.42,2.31,37.14,39.18,21.71666667,,Not Mica
Aug-16,1B,East,864,18,NA,45.699,37.407,33.433,33.088,40.949,41.553,NA,NA,38.68816667,,Not Mica
Aug-16,2A,East,2688,56,10.07,9.53,14.73,7.67,0,0,12.13,36.47,37.07,14.18555556,,Not Mica
Aug-16,2B,East,864,18,8.984,16.5,17.797,42.158,34.3,39.134,52.611,NA,NA,30.212,,Not Mica
Aug-16,3A,East,3120,65,12.75,11.13,15.86,16.06,12.42,5.67,2.23,5.06,1.08,9.14,,Not Mica
Aug-16,3B,East,1248,26,0,0,0,0,0,0,0,0,0,0,,Not Mica
Aug-16,4A,East,3552,74,22.57,23.92,0,2.96,10.17,1.95,17.38,22.84,3.1,11.65444444,,Not Mica
Aug-16,5A,East,3456,72,4.58,0,0,0,0,0,0,23.58,13.01,4.574444444,,Not Mica
Aug-16,5B,East,2400,50,17.018,15.118,17.882,13.046,13.995,16.759,15.982,17.538,16.155,15.94366667,,Not Mica
Aug-16,6A,West,2304,48,25.27,25,25.94,27.94,32.02,37.7,35.7,33.76,39.37,31.41111111,,Not Mica
Aug-16,6B,West,240,5,NA,NA,NA,NA,NA,NA,NA,NA,NA,#DIV/0!,,Not Mica
Aug-16,7A,West,2784,58,28.11,0,5.09,33.27,9.04,17.54,20.88,1.67,4.75,13.37222222,,Not Mica
Aug-16,7B,West,768,16,35.507,42.248,46.479,NA,33.26,48.121,56.758,55.807,47.6,45.7225,,Not Mica
Aug-16,8A,West,3552,74,4.95,7.35,3.21,11.9,13.3,13.24,22.79,17.31,10.16,11.57888889,,Not Mica
Aug-16,9A,West,3120,65,18.18,14.45,18.18,27.23,24.5,20.17,28.76,21.64,34.89,23.11111111,,Not Mica
Aug-16,9B,West,48,1,NA,NA,NA,NA,NA,NA,NA,NA,NA,#DIV/0!,,Not Mica
Dec-16,10A,West,3408,71,23.29,10.65,8.97,10.39,4.97,15.23,28.19,5.87,28.84,15.15555556,,Not Mica
Dec-16,10B,West,144,3,NA,NA,NA,NA,54.407,NA,NA,NA,NA,54.407,,Not Mica
Dec-16,1A,East,2784,58,19.95,23.74,15.38,0,13.58,2.77,3.93,8.11,38.67,14.01444444,,Not Mica
Dec-16,1B,East,960,20,NA,46.392,52.439,34.473,33,40.603,43.111,22.375,NA,38.91328571,,Not Mica
Dec-16,2A,East,2784,58,16.04,7.66,0,25.19,0,0,14.35,17.73,15.97,10.77111111,,Not Mica
Dec-16,2B,East,1344,28,19.092,11.49,12.353,17.625,27.473,6.306,6.479,8.38,3.542,12.52666667,,Not Mica
Dec-16,3A,East,3360,70,6.33,19.12,14.34,0,10.92,0,2.65,0,1.94,6.144444444,,Not Mica
Dec-16,3B,East,1680,35,0,0,0,0,0,0,0,0,0,0,,Not Mica
Dec-16,4A,East,4032,84,22.14,15.89,0.09,1.35,7.46,2.9,15.64,22.46,3.47,10.15555556,,Not Mica
Dec-16,5A,East,3696,77,5.93,1.87,0,0,0,0,0,0,4.96,1.417777778,,Not Mica
Dec-16,5B,East,2400,50,28.854,32.741,29.199,13.649,12.353,20.647,19.697,21.598,25.832,22.73,,Not Mica
Dec-16,6A,West,2832,59,26.61,21.13,22.1,26.42,7.6,37.69,37.24,33.25,37.11,27.68333333,,Not Mica
Dec-16,6B,West,624,13,51.661,50.714,54.511,57.448,37.147,NA,NA,NA,NA,50.2962,,Not Mica
Dec-16,7A,West,3120,65,13.61,2.52,3.1,20.84,8.65,12.52,4.06,0,0.71,7.334444444,,Not Mica
Dec-16,7B,West,576,12,NA,56.158,48.378,58.662,37.236,52.092,49.241,53.389,49.5,50.582,,Not Mica
Dec-16,8A,West,3408,71,4.31,6.43,8.43,13.26,13.9,14.09,20.33,16.99,29.86,14.17777778,,Not Mica
Dec-16,9A,West,3312,69,11.71,12.16,17.82,28.38,25.16,18.53,17.5,13.38,10.68,17.25777778,,Not Mica
Dec-16,9B,West,144,3,NA,NA,NA,NA,NA,NA,NA,NA,NA,#DIV/0!,,Not Mica
Mar-17,10A,West,1536,32,26.42,10.46,9.14,8.15,0,1.19,,1.26,28.81,10.67875,,Not Mica
Mar-17,10B,West,528,11,NA,50.247,NA,NA,53.015,53.882,NA,55.794,NA,53.2345,,Not Mica
Mar-17,1A,East,2256,47,34.46,3.73,26.69,14.94,13.08,36.06,35.26,35.39,36.99,26.28888889,,Not Mica
Mar-17,1B,East,720,15,NA,46.391,15.982,31.532,30.323,NA,NA,NA,NA,31.057,,Not Mica
Mar-17,2A,East,2304,48,13.49,5.1,0,2.62,0,0,13.49,1.34,0.47,4.056666667,,Not Mica
Mar-17,2B,East,1296,27,49.677,22.029,10.282,9.416,22.893,38.185,16.241,17.45,16.932,22.56722222,,Not Mica
Mar-17,3A,East,3120,65,10.63,27.27,0,0,14.44,1,0.94,2.81,0,6.343333333,,Not Mica
Mar-17,3B,East,2256,47,13.391,4.665,0,0,0,0,0,0,6.565,2.735666667,,Not Mica
Mar-17,4A,East,3216,67,26.43,4.25,0,3.39,8.17,4.58,20.39,10.16,2.52,8.876666667,,Not Mica
Mar-17,5A,East,3408,71,7.62,4.7,0,0,0,0,0,0,0,1.368888889,,Not Mica
Mar-17,5B,East,2400,50,26.003,33.605,20.82,11.835,11.23,17.537,18.314,19.265,23.24,20.20544444,,Not Mica
Mar-17,6A,West,1632,34,41.32,43.64,47.62,50.66,13.18,60.53,50.33,36.36,35.83,42.16333333,,Not Mica
Mar-17,6B,West,528,11,NA,37.84,44.146,56.328,49.242,NA,35.424,36.978,NA,43.32633333,,Not Mica
Mar-17,7A,West,1968,41,14.2,6.94,0,1.45,9.38,0.26,0,0.73,0,3.662222222,,Not Mica
Mar-17,7B,West,720,15,NA,49.33,45.962,54.17,33.605,47.259,46.741,44.749,44.317,45.766625,,Not Mica
Mar-17,8A,West,3552,74,2.79,5.24,8.16,12,12.8,13.46,12.47,15.91,28.85,12.40888889,,Not Mica
Mar-17,9A,West,3408,71,12.19,14.11,12.38,29.21,20.73,18.87,16.16,10.07,0.66,14.93111111,,Not Mica
Mar-17,9B,West,336,7,NA,NA,NA,NA,NA,NA,NA,NA,50.71,50.71,,Not Mica
Aug-17,10A,West,2736,57,0.86,6.25,0,3.55,0,0.2,0,0,8.09,2.105555556,,Not Mica
Aug-17,10B,West,1680,35,38.093,33.752,50.151,57.093,30.629,38.527,21.955,18.048,24.989,34.80411111,,Not Mica
Aug-17,1A,East,1968,41,37.05,34.48,41.41,36,38.77,36.66,35.86,38.04,40.22,37.61,,Not Mica
Aug-17,1B,East,336,7,NA,NA,16.241,NA,NA,NA,NA,NA,NA,16.241,,Not Mica
Aug-17,2A,East,3120,65,9.3,2.64,0,0,0,0,0,0,0,1.326666667,,Not Mica
Aug-17,2B,East,2400,50,38.705,11.576,8.898,10.712,23.066,14.168,16.068,12.355,16.157,16.85611111,,Not Mica
Aug-17,3A,East,3840,80,0,16.21,0,0,12.52,4.74,0,0,4.35,4.202222222,,Not Mica
Aug-17,3B,East,2832,59,0,0,0,0,0,0,0,0,0,0,,Not Mica
Aug-17,4A,East,3024,63,18.27,14.19,0,0,1.91,1.45,35.28,2.89,1.84,8.425555556,,Not Mica
Aug-17,5A,East,4080,85,0,0,0,0,0,0,0,19.15,0,2.127777778,,Not Mica
Aug-17,5B,East,3016.67,62.84729167,26.953,35.938,20.647,17.969,11.664,16.5,14.168,15.55,21.079,20.052,,Not Mica
Aug-17,6A,West,2400,50,0,1.51,0,20.39,1.18,26.12,38.95,0,7.83,10.66444444,,Not Mica
Aug-17,6B,West,1248,26,34.212,35.075,41.726,30.669,35.246,44.751,34.901,23.238,35.419,35.02633333,,Not Mica
Aug-17,7A,West,3072,64,0,0,0,0,0,0,0,1.51,0,0.1677777778,,Not Mica
Aug-17,7B,West,960,20,NA,48.811,41.639,53.824,45.182,46.304,46.304,41.383,49.155,46.57525,,Not Mica
Aug-17,8A,West,3792,79,5.72,5.59,4.67,7.76,13.16,14.61,14.34,12.43,13.09,10.15222222,,Not Mica
Aug-17,9A,West,4080,85,4.16,7.98,6.86,29.95,16.16,3.96,1.45,0,2.51,8.114444444,,Not Mica
Aug-17,9B,West,960,20,44.924,39.829,53.305,NA,56.326,50.625,33.432,32.223,44.404,44.3835,,Not Mica
Dec-17,1A,East,2552.292,53.17275,33.018,31.178,28.295,31.702,37.291,36.331,34.588,35.02,39.214,34.07077778,,Mica
Dec-17,1B,East,805.154,16.77404167,NA,51.387,19.1,NA,27.299,NA,27.494,NA,NA,31.32,,Mica
Dec-17,2A,East,3964.014,82.583625,0,0,0,0,0,0,0,0,0,0,,Mica
Dec-17,2B,East,3585.906,74.706375,20.177,15.611,13.594,6.139,11.606,11.401,12.19,17.894,9.212,13.09155556,,Mica
Dec-17,3A,East,4168.646,86.84679167,0,0,0,0,0,0,0,0,0,0,,Mica
Dec-17,3B,East,4677.89,97.45604167,10.925,6.91,0,0,0,0,0,0,0,1.981666667,,Mica
Dec-17,4A,East,3273.144,68.1905,16.043,16.652,13.04,10.748,3.261,3.172,14.449,4.317,0,9.075777778,,Mica
Dec-17,5A,East,4226.323,88.04839583,0,0,0,0,0,0,2.512,0,0,0.2791111111,,Mica
Dec-17,5B,East,2914.018,60.70870833,23.405,32.52,18.172,11.04,13.502,16.057,14.475,14.824,21.632,18.403,,Mica
Dec-17,6A,West,2945.757,61.3699375,0,0,0,0,1.034,3.535,2.76,0,0,0.8143333333,,Mica
Dec-17,6B,West,2788.278,58.089125,34.205,23.835,37.564,29.785,34.115,42.326,23.059,21.337,30.408,30.73711111,,Mica
Dec-17,7A,West,3268.742,68.09879167,0,0,0,6.638,5.604,0,0,0,0,1.360222222,,Mica
Dec-17,7B,West,1708.125,35.5859375,51.839,41.103,41.379,51.981,37.652,43.707,50.172,38.943,37.739,43.835,,Mica
Dec-17,8A,West,4272.509,89.01060417,5.517,6.551,5.431,8.728,12.09,13.297,14.935,13.383,10.625,10.06188889,,Mica
Dec-17,9A,West,4677.026,97.43804167,0,0,0,0,0,0,0,0,0,0,,Mica
Dec-17,9B,West,2583.498,53.822875,40.948,35.584,39.892,39.029,26.596,32.563,31.185,27.287,21.338,32.71355556,,Mica
Dec-17,10A,West,3784.352,78.84066667,0,0,0,0,0,0,0,0,0,0,,Mica
Dec-17,10B,West,2769.329,57.69435417,35.844,34.116,48.533,45.774,30.672,30.042,38.86,34.205,22.284,35.59222222,,Mica
Mar-18,1A,East,2481.624,51.7005,32.652,32.478,38.943,33.943,36.53,33.512,33.253,33.426,36.189,34.54733333,,Mica
Mar-18,1B,East,909.691,18.95189583,NA,NA,15.108,NA,NA,NA,23.922,NA,NA,19.515,,Mica
Mar-18,2A,East,4231.029,88.1464375,0,0,0,0,0,0,0,0,0,0,,Mica
Mar-18,2B,East,3788.977,78.93702083,29.011,18.385,11.4,10.883,0,17.737,18.127,18.517,14.676,15.41511111,,Mica
Mar-18,3A,East,4458.771,92.8910625,0,0,0,0,0,0,0,0,0,0,,Mica
Mar-18,3B,East,4781.01,99.604375,0,0,0,0,0,0,0,0,0,0,Covered but assumed 0,Mica
Mar-18,4A,East,3413.089,71.10602083,12.953,15.799,14.248,12.349,11.228,4.656,22.141,0,0,10.37488889,"Slightly covered, can't fully tell",Mica
Mar-18,5A,East,4366.788,90.97475,0,0,0,0,0,0,0,0,0,0,,Mica
Mar-18,5B,East,3300.68,68.76416667,13.472,27.459,11.314,8.642,11.315,13.039,11.833,12.608,17.435,14.12411111,,Mica
Mar-18,6A,West,3893.118,81.106625,0,0,0,0,0,7.069,0,0,0,0.7854444444,,Mica
Mar-18,6B,West,2826.542,58.88629167,21.252,23.06,29.095,28.921,27.025,35.41,19.698,19.785,24.96,25.46733333,,Mica
Mar-18,7A,West,3681.715,76.70239583,0,0,0,0,0,0,0,0,0,0,,Mica
Mar-18,7B,West,2003.751,41.7448125,36.446,36.706,39.201,50.774,37.307,39.724,44.654,38.77,33.944,39.72511111,,Mica
Mar-18,8A,West,3948.394,82.25820833,1.293,3.017,21.422,33.684,19.44,12.781,17.263,10.885,9.16,14.32722222,,Mica
Mar-18,9A,West,4761.383,99.19547917,0,0,0,0,0,0,0,0,0,0,,Mica
Mar-18,9B,West,3064.581,63.8454375,38.085,31.533,34.29,32.48,17.091,28.148,24.096,24.697,18.384,27.64488889,,Mica
Mar-18,10A,West,4050.259,84.38039583,0,0,0,0,0,0,0,0,0,0,,Mica
Mar-18,10B,West,3316.811,69.10022917,34.288,32.305,26.508,43.619,25.129,27.198,32.48,28.923,8.556,28.77844444,,Mica
Aug-18,1A,East,2528.726,52.68179167,31.789,33.77,32.822,32.391,0,0,36.443,36.963,41.641,27.31322222,,Mica
Aug-18,1B,East,1267.042,26.39670833,21.68,28.181,12.349,NA,34.893,34.375,27.306,9.59,NA,24.05342857,,Mica
Aug-18,2A,East,4159.909,86.66477083,0,0,0,0,0,0,0,0,0,0,,Mica
Jul-18,2B,East,4482.215,93.37947917,5.431,3.793,0,0,0,5.259,3.448,1.121,0,2.116888889,,Mica
Aug-18,2B,East,4257.819,88.7045625,9.734,0,5.45,0,0,0,15.013,15.694,20.56,7.383444444,,Mica
Aug-18,3A,East,4350.822,90.642125,0,0,0,0,0,0,0,0,0,0,,Mica
Aug-18,3B,East,4800,100,0,0,0,0,0,0,0,0,0,0,"Very covered in algae, assuming 0",Mica
Jul-18,4A,East,3786.766,78.89095833,16.984,19.712,19.514,0,0,0,0,0,0,6.245555556,,Mica
Jul-18,5A,East,4433.655,92.3678125,0,0,0,0,0,0,0,0,0,0,,Mica
Aug-18,5B,East,3378,70.375,11.918,26.852,NA,9.677,7.931,9.59,15.452,21.508,19.418,15.29325,,Mica
Jul-18,6A,West,3949.626,82.283875,0,0,0,0,0,8.298,0,0,0,0.922,,Mica
Jul-18,6B,West,3230.414,67.30029167,7.586,10.797,20.56,11.487,10.107,33.945,38.512,10.022,0,15.89066667,,Mica
Jul-18,7A,West,4204.972,87.60358333,0,0,0,0,0,0,0,0,0,0,,Mica
Jul-18,7B,West,1764.78,36.76625,38.687,37.657,NA,NA,NA,NA,NA,43.102,41.033,40.11975,,Mica
Jul-18,8A,West,3951.16,82.31583333,0,2.845,4.483,8.728,17.866,10.798,17.004,9.333,12.61,9.296333333,,Mica
Jul-18,9A,West,4777.528,99.53183333,0,0,0,0,0,0,0,0,0,0,,Mica
Jul-18,9B,West,3995.842,83.24670833,18.905,16.056,15.624,12.176,13.47,6.897,10.022,19.439,19.008,14.62188889,,Mica
Jul-18,10A,West,3980.469,82.9264375,0,0,0,0,0,0,0,0,0,0,,Mica
Jul-18,10B,West,3605.683,75.11839583,34.116,17.176,21.94,20.56,23.922,0,10.712,10.021,8.47,16.32411111,,Mica
Dec-18,1A,East,2575.429,53.65477083,29.699,29.721,36.702,31.96,0,33.168,34.978,34.291,37.396,29.76833333,,Mica
Dec-18,1B,East,1450.529,30.21935417,21.594,11.217,9.763,3.965,33.687,32.65,22.142,8.211,NA,17.903625,,Mica
Dec-18,2A,East,4144.72,86.34833333,0,0,0,0,0,0,0,0,0,0,,Mica
Dec-18,2B,East,4295.714,89.49404167,2.414,7.5,4.741,0,0,11.487,11.4,11.606,9.678,6.536222222,,Mica
Dec-18,3A,East,4095.859,85.33039583,0,0,0,0,0,0,0,0,0,0,,Mica
Dec-18,3B,East,4800,100,0,0,0,0,0,0,0,0,0,0,Covered but assumed 0,Mica
Dec-18,4A,East,3104.089,64.66852083,9.591,13.987,12.09,11.228,2.53,3.707,17.952,1.638,0,8.080333333,,Mica
Dec-18,5A,East,4507.298,93.90204167,0,0,0,0,0,0,0,0,0,0,,Mica
Dec-18,5B,East,3391.559,70.65747917,13.643,23.404,11.056,8.901,6.293,10.798,13.383,18.211,11.488,13.01966667,,Mica
Dec-18,6A,West,3429.369,71.4451875,0,0,0,0,0,2.327,0,0,0,0.2585555556,,Mica
Dec-18,6B,West,2311.306,48.15220833,13.125,15.193,22.719,17.178,21.594,43.188,17.005,17.436,20.387,20.86944444,,Mica
Dec-18,7A,West,4208.391,87.6748125,0,0,0,0,0,0,0,0,0,0,,Mica
Dec-18,7B,West,2624.148,54.66975,33.426,19.525,33.26,42.068,29.525,29.183,35.581,33.947,32.135,32.07222222,,Mica
Dec-18,8A,West,3243.868,67.58058333,4.741,4.656,22.198,34.201,20.129,13.642,12.607,21.939,0,14.90144444,,Mica
Dec-18,9A,West,4497.064,93.68883333,0,0,0,0,0,0,0,0,0,0,,Mica
Dec-18,9B,West,3813.767,79.45347917,18.927,14.59,12.955,0,0,2.414,3.449,12.004,0,7.148777778,,Mica
Dec-18,10A,West,3904.454,81.34279167,0,0,0,0,0,0,0,0,0,0,,Mica
Dec-18,10B,West,3411.754,71.07820833,11.121,14.569,18.707,13.276,11.727,1.379,6.551,7.672,12.069,10.78566667,,Mica
Mar-19,1A,East,2537.347,52.86139583,29.7,30.839,37.908,31.961,0,0,37.477,33.169,35.927,26.33122222,,Mica
Mar-19,1B,East,1398.536,29.13616667,14.504,35.15,6.293,2.5,33.537,31.895,25.949,7.759,NA,19.698375,,Mica
Mar-19,2A,East,4100.66,85.43041667,0,0,0,0,0,0,0,0,0,0,,Mica
Mar-19,2B,East,4616.682,96.180875,0,0,0,0,0,0,7.155,5.172,4.57,1.877444444,,Mica
Mar-19,3A,East,3810.204,79.37925,0,0,0,0,0,0,0,0,0,0,,Mica
Mar-19,3B,East,4771.578,99.407875,0,0,0,0,0,0,0,0,0,0,,Mica
Mar-19,4A,East,2989.169,62.27435417,9.418,11.487,12.09,9.935,7.586,3.363,12.952,0,0,7.425666667,,Mica
Mar-19,5A,East,4529.704,94.36883333,0,0,0,0,0,0,0,0,0,0,,Mica
Mar-19,5B,East,3587.468,74.73891667,11.147,22.715,10.884,7.673,4.914,11.746,13.987,17.785,17.438,13.14322222,,Mica
Mar-19,6A,West,3449.599,71.86664583,0,0,0,0,0,0,0,0,0,0,,Mica
Mar-19,6B,West,3061.781,63.78710417,0.776,9.246,15.452,19.159,17.867,47.417,27.456,22.2,36.277,21.76111111,,Mica
Mar-19,7A,West,3675.841,76.58002083,0,0,0,15.193,18.643,9.161,7.329,0,0,5.591777778,,Mica
Mar-19,7B,West,1491.081,31.0641875,39.317,39.395,39.914,61.034,NA,56.119,47.768,39.574,33.277,44.54975,,Mica
Mar-19,8A,West,4056.777,84.5161875,3.707,5.345,22.068,28.448,16.467,0,0,15.006,0,10.11566667,,Mica
Mar-19,9A,West,4496.783,93.68297917,0,0,0,0,0,0,0,0,0,0,,Mica
Mar-19,9B,West,4212.241,87.75502083,5.086,9.828,8.017,0,5.518,5.089,7.673,1.21,0,4.713444444,,Mica
Mar-19,10A,West,3720.368,77.50766667,0,0,0,0,0,0,0,0,0,0,,Mica
Mar-19,10B,West,3432.561,71.5116875,40.263,13.362,29.913,20.086,19.568,20.948,26.034,24.137,22.5,24.09011111,,Mica
Jul-19,1A,East,1881.301,39.19377083,30.648,29.78,31.322,7.325,0,0,36.625,34.602,44.044,23.81622222,,Mica
Jul-19,1B,East,794.567,16.55347917,28.819,25.925,7.422,2.506,32.865,32.963,NA,23.902,NA,22.05742857,,Mica
Jul-19,2A,East,3624.939,75.5195625,0,0,0,0,0,0,0,0,0,0,,Mica
Jul-19,2B,East,4590.893,95.64360417,0,0,0,0,0,0,7.614,15.324,0,2.548666667,,Mica
Jul-19,3A,East,3623.223,75.4838125,0,0,0,0,0,0,0,0,0,0,,Mica
Jul-19,3B,East,4800,100,0,0,0,0,0,0,0,0,0,0,,Mica
Jul-19,4A,East,3149.822,65.62129167,8.674,8.192,7.421,4.626,2.699,0,7.614,0,0,4.358444444,,Mica
Jul-19,5A,East,4503.123,93.8150625,0,0,0,0,0,0,0,0,0,0,,Mica
Jul-19,5B,East,3896.377,81.17452083,4.819,16.287,7.903,5.879,2.313,7.999,11.083,14.071,9.638,8.888,,Mica
Jul-19,6A,West,3550.292,73.96441667,0,0,0,0,0,0,0,0,0,0,,Mica
Jul-19,6B,West,2034.051,42.3760625,2.795,10.915,15.252,23.178,25.973,36.984,26.263,23.853,33.613,22.09177778,,Mica
Jul-19,7A,West,3854.993,80.31235417,0,0,0,14.288,17.275,7.735,0,0,0,4.366444444,,Mica
Jul-19,7B,West,1437.666,29.951375,36.32,33.901,36.408,56.99,30.406,53.974,54.646,37.082,31.684,41.26788889,,Mica
Jul-19,8A,West,3399.609,70.8251875,0,3.277,19.998,5.879,19.325,3.277,0,8.216,0,6.663555556,,Mica
Jul-19,9A,West,4337.968,90.37433333,0,0,0,0,0,0,0,0,0,0,,Mica
Jul-19,9B,West,3263.303,67.98547917,27.666,24.19,13.396,9.445,6.264,12.143,14.361,14.554,9.927,14.66066667,,Mica
Jul-19,10A,West,3515.87,73.24729167,0,0,0,0,0,0,0,0,0,0,,Mica
Jul-19,10B,West,2892.326,60.25679167,28.439,12.432,31.226,21.492,14.169,16.866,16.191,19.564,15.517,19.544,,Mica
Dec-19,1A,East,2436.977,50.77035417,15.831,32.335,27.515,5.59,0,0,20.167,37.084,47.228,20.63888889,,Mica
Dec-19,1B,East,978.646,20.38845833,NA,NA,12.553,0,35.346,35.346,61.415,NA,NA,28.932,,Mica
Dec-19,2A,East,4093.937,85.29035417,0,0,0,0,0,0,0,0,0,0,,Mica
Dec-19,2B,East,4699.706,97.91054167,2.797,1.928,0,0,0,2.122,0,0,0,0.7607777778,,Mica
Dec-19,3A,East,3948.937,82.26952083,0,0,0,0,0,0,0,0,0,0,,Mica
Dec-19,3B,East,4800,100,0,0,0,0,0,0,0,0,0,0,,Mica
Dec-19,4A,East,3063.561,63.8241875,11.952,12.92,10.702,5.397,0,0,0,0,0,4.552333333,,Mica
Dec-19,5A,East,4590.783,95.6413125,0,0,0,0,0,0,0,0,0,0,,Mica
Dec-19,5B,East,4152.072,86.5015,4.53,13.782,5.493,2.12,1.93,4.819,9.927,11.565,0,6.018444444,,Mica
Dec-19,6A,West,3360.819,70.0170625,0,0,0,0,0,0,0,0,0,0,,Mica
Dec-19,6B,West,2897.437,60.36327083,2.219,10.144,15.059,24.624,27.612,31.661,25.009,23.082,34.682,21.56577778,,Mica
Dec-19,7A,West,4008.686,83.51429167,0,0,0,5.686,13.228,6.362,0,0,0,2.808444444,,Mica
Dec-19,7B,West,2013.961,41.95752083,36.049,36.238,40.772,55.802,63.705,26.408,39.516,40.193,37.397,41.78666667,,Mica
Dec-19,8A,West,3641.324,75.86091667,2.409,7.903,10.89,13.011,0,0,0,10.505,0,4.968666667,,Mica
Dec-19,9A,West,4262.762,88.80754167,0,0,0,0,0,0,0,0,0,0,,Mica
Dec-19,9B,West,3474.909,72.3939375,29.781,28.913,20.432,10.505,5.59,13.107,22.263,17.541,10.505,17.62633333,,Mica
Dec-19,10A,West,4592.082,95.668375,0,0,0,0,0,0,0,0,0,0,,Mica
Dec-19,10B,West,3407.812,70.99608333,31.71,40.772,37.297,25.446,18.12,20.819,18.89,21.588,20.53,26.13022222,,Mica
Mar-20,1A,East,3007.959,62.6658125,13.214,28.29,4.967,5.676,0,0,18.18,33.704,43.989,16.44666667,,Mica
Mar-20,1B,East,1192.207,24.83764583,46.739,NA,12.682,0,30.862,31.575,55.34,21.464,NA,28.38028571,,Mica
Mar-20,2A,East,4156.976,86.60366667,0,0,0,0,0,0,0,0,0,0,,Mica
Mar-20,2B,East,4749.714,98.952375,0,0,0,0,0,0,0,0,0,0,,Mica
Mar-20,3A,East,3962.423,82.55047917,0,0,0,0,0,0,0,0,0,0,,Mica
Mar-20,3B,East,4800,100,0,0,0,0,0,0,0,0,0,0,,Mica
Mar-20,4A,East,2882.947,60.06139583,9.933,9.933,5.676,2.306,0,0,0,0,0,3.094222222,,Mica
Mar-20,5A,East,4544.577,94.6786875,0,0,0,0,0,0,0,0,0,0,,Mica
Mar-20,5B,East,4199.185,87.48302083,6.651,12.594,2.483,0,0,2.483,7.006,0,0,3.468555556,,Mica
Mar-20,6A,West,3518.44,73.30083333,0,0,0,0,0,0,0,0,0,0,,Mica
Mar-20,6B,West,3192.143,66.50297917,2.838,7.826,26.209,22.925,27.448,32.703,24.521,34.388,40.153,24.33455556,,Mica
Mar-20,7A,West,3920.084,81.66841667,3.104,0,0,8.358,17.051,9.6,0,0,0,4.234777778,,Mica
Mar-20,7B,West,2433.036,50.68825,32.173,35.717,35.719,44.433,57.668,19.555,32.436,35.097,30.663,35.94011111,,Mica
Mar-20,8A,West,3540.144,73.753,3.37,8.181,7.738,6.651,16.784,0,0,8.979,0,5.744777778,,Mica
Mar-20,9A,West,4242.165,88.3784375,0,0,0,0,0,0,0,0,0,0,,Mica
Mar-20,9B,West,3669.347,76.44472917,25.5,19.734,11.285,3.725,4.257,9.6,14.3,10.043,4.346,11.42111111,,Mica
Mar-20,10A,West,4409.276,91.85991667,0,0,0,0,0,0,0,0,0,0,,Mica
Mar-20,10B,West,2914.692,60.72275,23.992,30.401,32.348,25.142,18.291,15.365,14.655,16.075,17.138,21.48966667,,Mica
Jun-20,1A,East,3060.097,63.75202083,10.576,26.65,3.813,2.306,0,0,19.267,35.363,45.406,15.93122222,,Mica
Jun-20,1B,East,1260.437,26.25910417,47.269,NA,17.227,0,30.729,31.815,33.323,23.368,NA,26.24728571,,Mica
Jun-20,2A,East,4206.468,87.63475,0,0,0,0,0,0,0,0,0,0,,Mica
Jun-20,2B,East,4641.3,96.69375,0,0,0,0,0,0,0,3.104,5.41,0.946,,Mica
Jun-20,3A,East,3960.392,82.50816667,0,0,0,0,0,0,0,0,0,0,,Mica
Jun-20,3B,East,4800,100,0,0,0,0,0,0,0,0,0,0,,Mica
Jun-20,4A,East,2776.257,57.8386875,7.893,6.563,3.459,0,0,0,0,0,0,1.990555556,,Mica
Jun-20,5A,East,4616.936,96.18616667,0,0,0,0,0,0,0,0,0,0,,Mica
Jun-20,5B,East,4289.573,89.36610417,3.281,12.15,4.523,0,0,0,5.232,6.651,2.838,3.852777778,,Mica
Jun-20,6A,West,3457.904,72.03966667,2.927,0,0,6.651,0,0,0,0,0,1.064222222,,Mica
Jun-20,6B,West,3343.41,69.654375,1.774,8.713,22.038,40.862,22.836,29.133,25.851,26.206,41.308,24.30233333,,Mica
Jun-20,7A,West,2871.427,59.82139583,0,0,0,0,36.344,35.81,39.797,8.802,0,13.417,,Mica
Jun-20,7B,West,1507.127,31.39847917,39.021,33.524,38.137,51.617,NA,25.718,NA,NA,13.303,33.55333333,,Mica
Jun-20,8A,West,3743.327,77.98597917,5.587,8.713,5.055,3.813,15.364,0,0,9.866,10.753,6.572333333,,Mica
Jun-20,9A,West,4410.762,91.890875,0,0,0,0,0,0,0,0,0,0,,Mica
Jun-20,9B,West,3486.953,72.64485417,19.998,21.772,0,9.068,5.764,13.147,19.178,15.187,0,11.56822222,,Mica
Jun-20,10A,West,3851.807,80.24597917,0,0,0,0,0,0,0,0,0,0,,Mica
Jun-20,10B,West,3036.379,63.25789583,26.651,31.816,23.9,18.202,13.946,15.985,16.251,16.342,15.899,19.888,,Mica
Mar-21,1A,East,2506.156,52.21158333,10.218,29.39,3.406,0,0,0,17.617,16.156,32.798,12.17611111,,Mica
Mar-21,1B,East,1294.54,26.96958333,45.547,NA,11.582,0,27.638,23.551,54.011,18.587,NA,25.84514286,,Mica
Mar-21,2A,East,4643.051,96.73022917,0,0,0,0,0,0,0,0,0,0,,Mica
Mar-21,2B,East,4750.842,98.975875,0,0,0,0,0,0,0,0,0,0,,Mica
Mar-21,3A,East,4423.535,92.15697917,0,0,0,0,0,0,0,0,0,0,,Mica
Mar-21,3B,East,4800,100,0,0,0,0,0,0,0,0,0,0,,Mica
Mar-21,4A,East,3858.312,80.3815,20.436,8.077,0,0,0,0,0,0,0,3.168111111,,Mica
Mar-21,5A,East,4732.364,98.59091667,0,0,0,0,0,0,0,0,0,0,,Mica
Mar-21,5B,East,4600.317,95.8399375,3.99,7.883,1.362,0,0,0,0,0,0,1.470555556,,Mica
Mar-21,6A,West,4687.889,97.66435417,0,0,0,0,0,0,0,0,0,0,,Mica
Mar-21,6B,West,2966.274,61.797375,7.031,29.341,26.909,27.005,24.381,21.945,18.541,20.777,30.61,22.94888889,,Mica
Mar-21,7A,West,3014.511,62.8023125,0,0,10.146,42.7,33.552,33.161,37.834,0,0,17.48811111,,Mica
Mar-21,7B,West,1013.63,21.11729167,NA,51.675,60.531,NA,31.531,23.94,NA,43.209,30.169,40.17583333,,Mica
Mar-21,8A,West,4373.811,91.1210625,4.477,6.618,7.883,4.574,0,0,0,0,0,2.616888889,,Mica
Mar-21,9A,West,4741.191,98.7748125,0,0,0,0,0,0,0,0,0,0,,Mica
Mar-21,9B,West,4149.372,86.44525,11.094,0,0,10.51,14.5,7.591,7.397,9.732,5.352,7.352888889,,Mica
Mar-21,10A,West,4364.543,90.92797917,0,0,0,0,0,0,0,0,0,0,,Mica
Mar-21,10B,West,4058.996,84.56241667,0,14.306,18.49,19.269,9.634,6.131,6.326,3.795,5.06,9.223444444,,Mica
Nov-21,1A,East,2977.358,62.02829167,6.505,27.516,0,0,0,0,0,0,0,3.780111111,,Mica
Nov-21,1B,East,1764.791,36.76647917,45.276,43.429,9.319,0,25.231,20.22,32.791,16.967,NA,24.154125,,Mica
Nov-21,2A,East,4659.218,97.06704167,0,0,0,0,0,0,0,0,0,0,,Mica
Nov-21,2B,East,4644.441,96.7591875,0,0,0,0,0,0,0.791,5.978,0,0.7521111111,,Mica
Nov-21,3A,East,4284.03,89.250625,0,0,0,0,0,0,0,0,0,0,,Mica
Nov-21,3B,East,4602.326,95.88179167,0,0,0,0,0,0,0,0,0,0,,Mica
Nov-21,4A,East,3932.573,81.92860417,0,2.022,11.516,0,0,0,0,0,0,1.504222222,,Mica
Nov-21,5A,East,4800,100,0,0,0,0,0,0,0,0,0,0,,Mica
Nov-21,5B,East,4603.826,95.91304167,3.692,7.297,9.582,0,0,0,0,0,0,2.285666667,,Mica
Nov-21,6A,West,4409.885,91.87260417,0,0,0,0,0,0,0,0,0,0,,Mica
Nov-21,6B,West,3452.448,71.926,7.824,26.022,21.275,0,2.022,19.342,17.758,18.901,33.231,16.26388889,,Mica
Nov-21,7A,West,3862.274,80.46404167,0,0,0,11.692,35.253,0,0,0,0,5.216111111,,Mica
Nov-21,7B,West,2212.692,46.09775,51.956,38.945,35.604,52.483,24.439,14.33,10.198,13.45,13.538,28.327,,Mica
Nov-21,8A,West,4195.948,87.41558333,5.011,10.022,6.593,0,0,0,0,5.363,0,2.998777778,,Mica
Nov-21,9A,West,4769.21,99.35854167,0,0,0,0,0,0,0,0,0,0,,Mica
Nov-21,9B,West,4253.159,88.60747917,11.428,14.154,4.747,1.055,2.022,1.407,0,0,0,3.868111111,,Mica
Nov-21,10A,West,4800,100,0,0,0,0,0,0,0,0,0,0,"Don't have a photo, see explanation pdf",Mica
Nov-21,10B,West,3808.784,79.34966667,2.11,7.121,9.67,5.538,9.67,6.505,15.033,5.548,13.538,8.303666667,,Mica
Dec-22,1A,East,2264.326,47.1734583,10.363,6.181,0,0,0,0,15.908,12.817,31.726,8.555,,Mica
Dec-22,1B,East,1835.119,38.2316458,36.365,37.634,3.727,0,0,9.908,19.726,9.454,NA,14.60175,,Mica
Dec-22,2A,East,4480.102,93.3354583,0,0,0,0,0,0,0,0,0,0,,Mica
Dec-22,2B,East,4635.36,96.57,0,0,0,0,0,0,0,8.999,12.817,2.424,,Mica
Dec-22,3A,East,4136.139,86.1695625,0,0,0,0,0,0,0,0,0,0,,Mica
Dec-22,3B,East,4559.087,94.9809792,0,0,0,0,0,0,0,0,0,0,,Mica
Dec-22,4A,East,2901.513,60.4481875,0,0,0,0,0,0,0,0,0,0,,Mica
Dec-22,5A,East,4766.685,99.3059375,0,0,0,0,0,0,0,0,0,0,,Mica
Dec-22,5B,East,4740.234,98.754875,0,0,0,0,0,0,0,0,0,0,,Mica
Dec-22,6A,West,4315.959,89.9158125,0,0,0,0,0,0,0,0,0,0,,Mica
Dec-22,6B,West,4115.34,85.73625,0,0,8.09,0,0,5.727,0,0,18.544,3.595666667,,Mica
Dec-22,7A,West,3992.621,83.1796042,0,0,0,0,23.998,0,0,0,0,2.666444444,,Mica
Dec-22,7B,West,2479.062,51.647125,0,4.545,0,38.543,0,0,0,0,0,4.787555556,,Mica
Dec-22,8A,West,4223.192,87.9831667,5.363,0,7.727,0,0,0,0,0,0,1.454444444,,Mica
Dec-22,9A,West,4800,100,0,0,0,0,0,0,0,0,0,0,,Mica
Dec-22,9B,West,4048.487,84.3434792,36.273,32.725,6.909,0,0,0,0,0,0,8.434111111,,Mica
Dec-22,10A,West,4800,100,0,0,0,0,0,0,0,0,0,0,,Mica
Dec-22,10B,West,3364.685,70.0976042,7.545,0,2.454,34.544,24.818,9.818,21.365,22.362,14.273,15.24211111,,Mica
May-23,1A,East,2291.392,47.737333,16.112,12.5,0,0,0,0,0,33.527,30.835,10.33044444,,Alix
May-23,1B,East,1822.488,37.9685,36.26,33.197,2.227,0,2.365,9.861,20.696,9.862,NA,14.3085,,Alix
May-23,2A,East,4397,91.6041667,0,0,0,0,0,0,0,0,0,0,,Alix
May-23,2B,East,4693.639,97.7841458,0,0,0,0,0,0,2.969,2.884,0,0.6503333333,,Alix
May-23,3A,East,2998.363,62.4658958,17.641,13.056,15.463,18.428,17.689,14.91,27.778,2.687,0,14.18355556,,Alix
May-23,3B,East,713.956,14.8740833,NA,NA,NA,8.619,9.445,7.223,3.262,10.096,9.075,7.953333333,,Alix
May-23,4A,East,2868.102,59.752125,17.04,0,6.112,11.392,0,0,0,5.001,5.648,5.021444444,,Alix
May-23,5A,East,4781.114,99.606542,0,0,0,0,0,0,0,0,0,0,,Alix
May-23,5B,East,4787.43,99.738125,1.852,0,0,0,0,0,0,0,0,0.2057777778,,Alix
May-23,6A,West,4282.616,89.2211667,0,0,0,0,0,0,0,0,0,0,,Alix
May-23,6B,West,4074.456,84.8845,0,12.407,2.87,11.111,1.296,4.537,3.538,0,1.296,4.117222222,,Alix
May-23,7A,West,4175.699,86.9937292,0,0,0,4.166,24.63,0,0,0,0,3.199555556,,Alix
May-23,7B,West,2193.705,45.7021875,11.181,14.931,0,0,0,0.776,7.382,43.401,0,8.630111111,,Alix
May-23,8A,West,4358.016,90.792,0,0,0,0,0,0,0,0,0,0,,Alix
May-23,9A,West,4800,100,0,0,0,0,0,0,0,0,0,0,,Alix
May-23,9B,West,3600.076,75.0015833,10.277,1.042,3.891,6.944,1.319,3.473,0,12.64,10.695,5.586777778,,Alix
May-23,10A,West,3828.401,79.7583542,0,0,0,0,0,0,0,32.13,38.152,7.809111111,,Alix
May-23,10B,West,2793.508,58.1980833,19.167,13.063,16.668,17.13,7.039,20.834,6.867,13.616,8.889,13.697,,Alix
Dec-23,1A,East,2493.979,51.95789583,5.044,7.035,0,0,0,0,14.27,12.013,23.496,6.873111111,,Mica
Dec-23,1B,East,2210.178,46.045375,37.832,33.982,0,0,15.664,5.642,14.137,3.385,8.562,13.24488889,,Mica
Dec-23,2A,East,4523.395,94.23739583,0,0,0,0,0,0,0,0,0,0,,Mica
Dec-23,2B,East,4716.599,98.26247917,0,0,0,0,0,0,0,0,0,0,,Mica
Dec-23,3A,East,3484.603,72.59589583,23.363,22.301,18.119,14.403,11.682,0,0,0,0,9.985333333,,Mica
Dec-23,3B,East,2556.14,53.25291667,14.137,11.482,44.67,41.953,39.292,12.478,12.213,0,0,19.58055556,,Mica
Dec-23,4A,East,3414.624,71.138,18.12,0,0,0,0,0,0,4.845,3.85,2.979444444,,Mica
Dec-23,5A,East,4800,100,0,0,0,0,0,0,0,0,0,0,,Mica
Dec-23,5B,East,4198.536,87.4695,0,7.765,11.284,5.575,5.575,1.726,12.013,10.222,11.487,7.294111111,,Mica
Dec-23,6A,West,4306.184,89.71216667,23.896,0,0,0,0,13.075,11.349,5.243,0,5.951444444,,Mica
Dec-23,6B,West,3693.452,76.94691667,35.576,4.779,4.447,2.19,9.757,19.183,1.858,0,0,8.643333333,,Mica
Dec-23,7A,West,4303.997,89.66660417,0,0,0,0,25.354,0,0,5.376,0,3.414444444,,Mica
Dec-23,7B,West,1635.757,34.07827083,47.124,18.319,2.257,2.788,9.425,5.31,10.951,1.925,0,10.89988889,,Mica
Dec-23,8A,West,4522.554,94.219875,2.323,0,6.305,0,0,0,0,0,0,0.9586666667,,Mica
Dec-23,9A,West,4407.997,91.83327083,0,0,0,0,0,0,0,0,0,0,,Mica
Dec-23,9B,West,3152.031,65.6673125,20.974,12.544,10.885,6.305,33.849,18.12,0,16.792,11.416,14.54277778,,Mica
Dec-23,10A,West,3717.943,77.45714583,0,0,0,0,0,0,0,58.607,42.942,11.28322222,,Mica
Dec-23,10B,West,1363.42,28.40458333,24.691,23.894,22.168,46.859,50.243,38.432,32.656,NA,NA,34.13471429,,Mica
Mar-24,1A,East,2668.325,55.59010417,11.713,8.329,6.681,1.996,0,0,0,0,30.367,6.565111111,,Mica
Mar-24,1B,East,1832.793,38.1831875,36.267,33.143,0,0,14.056,8.676,13.188,5.379,7.288,13.11077778,,Mica
Mar-24,6A,West,4247.154,88.482375,22.038,0,0,0,2.863,16.138,12.234,4.685,1.735,6.632555556,,Mica
Mar-24,6B,West,3544.088,73.83516667,28.545,6.507,4.251,3.037,10.238,21.951,2.082,4.425,25.248,11.80933333,,Mica
Mar-24,7A,West,3349.147,69.77389583,0,0,0,26.549,36.267,37.308,27.33,9.284,8.763,16.16677778,,Mica
Mar-24,7B,West,757.294,15.77695833,54.574,42.254,56.656,17.873,11.019,5.987,NA,NA,NA,31.39383333,,Mica
Mar-24,8A,West,4524.731,94.26522917,3.471,0,0,0,0,0,0,0,0,0.3856666667,,Mica
Mar-24,9A,West,2415.517,50.32327083,0,0,0,0,0,0,0,0,0,0,,Mica
Mar-24,9B,West,3732.704,77.76466667,11.279,1.215,7.462,5.813,39.477,42.774,28.198,26.983,23.795,20.77733333,,Mica
Mar-24,10A,West,1288.534,26.84445833,0,0,0.889,0,0,0,14.229,56.05,3.209,8.264111111,,Mica
Mar-24,10B,West,4435.853,92.41360417,25.422,25.508,22.299,46.245,46.679,49.542,NA,NA,NA,35.94916667,,Mica
Mar-24,2A,East,3389.231,70.60897917,0,0,0,0,0,0,0,0,0,0,,Mica
Mar-24,2B,East,4309.332,89.77775,4.192,0,0,0,0,9.606,12.924,8.907,9.431,5.006666667,,Mica
Mar-24,3A,East,3684.362,76.75754167,20.346,17.814,15.631,12.749,12.138,0,0,0,0,8.742,,Mica
Mar-24,3B,East,637.685,13.28510417,0,0,NA,NA,40.692,38.597,42.264,47.504,52.481,31.64828571,"unclear whether there are mussels under algae, only included the very clearly visible mussels when zooming in",Mica
Mar-24,4A,East,1446.935,30.14447917,40.78,41.216,39.383,42.002,44.185,41.653,51.259,48.115,46.718,43.92344444,,Mica
Mar-24,5A,East,4509.524,93.94841667,16.417,13.098,3.318,0,0,0,8.732,14.845,10.653,7.451444444,,Mica
Mar-24,5B,East,2256.462,47.009625,3.668,11.177,9.867,46.98,42.002,11.789,11.789,12.4,7.946,17.51311111,,Mica